ID,Name
cbc2b406-da26-4bb8-8f9d-037dc6ede751,Muxo
ba3384ff-5cd2-4084-9aa2-c7036ebd3e68,Kimia
eb554794-e29e-445d-8a2f-fa3b8dd89cbc,Aivee
3f53dd89-9663-4174-baf7-0fe708d6ef7e,Vipe
0324b79b-4130-4e0b-9b0a-ca2f34bf1237,Tagpad
75ab5a6b-e9cf-410a-9d06-8d090a445c9e,Mycat
4fa827e5-4949-4c87-aa2d-b7e560fe2a85,Leexo
8488c004-5662-4917-9e69-ce9b7ce3bf21,Wikibox
0255a013-9767-40f4-a10b-c5f70cc8e27d,Babbleset
92dd4721-837c-41c2-8518-33125d010897,Oloo
259c8ae3-10e0-4577-bdd6-7f6ffe58bf07,Plambee
6597ab5d-ab2e-47c9-9c1a-f2f964042aee,Topiclounge
f3f9e1ae-38d5-46ff-a72e-ae970aa313c6,Brainlounge
c7bbfd07-f445-49a7-b723-be4636f39029,Brainsphere
7db9d5b5-bd24-4ead-91f7-a90dd7a9e7fd,Skipstorm
829bdeb3-1d3b-4002-acc0-4d6e93f47b90,Realblab
75b72b80-5232-4662-a62d-53af1c843131,Realcube
cb8cb7f7-1c40-4697-82d6-dd2413535b33,Quinu
b1496283-9daa-4997-9d10-dc0522771e62,Photobug
976d1a23-e6a7-4505-bfc7-39ee6b525d60,Thoughtstorm
34273f75-68f9-4540-b887-1ed831cefd6d,Omba
c438594c-527a-491b-a4a1-08f35f6ebb68,Twitterlist
d74561d1-4410-4f53-9e79-8f01683cd0ad,Browseblab
95e9d9d7-5436-4574-90ad-12ee0ae028b4,Roombo
964a8b8e-b06f-456c-bd78-2d885e0a5796,Skyvu
ca1a2872-a589-4cf4-8af1-d4a01afd5935,Tagcat
d20b823a-b856-4450-af71-d4e3967db49a,Dynabox
acaaefe1-fb1a-4db6-9cb9-a66754095b5c,Dynazzy
2ddb5591-b95e-4be4-a6ae-3816362e33bb,Minyx
353c94f2-8200-4dae-bb42-a74b376f976b,Thoughtblab
5cbc3efc-b826-4203-9716-f565d8887629,Oyope
5e6b1b69-3007-4192-9cfb-ef05fb9d8dcd,Thoughtworks
3458f4ab-bfd4-452b-9a4f-62d40faf76a8,Feedbug
6c2c5311-fa43-4f77-83c9-7f4c1c00a00d,Ozu
76324337-240c-4046-982d-5693ccd1c16d,Dabvine
935936c3-e77b-4934-9ab8-3c9c61f51121,Oodoo
ac307e69-3ea6-4889-af7f-bb1c8d80c5ba,Demizz
51d75868-5ab0-4b7b-9706-8f75ebe4e692,Wikizz
8a700662-d567-45d5-bc8d-c1ac9b81e22f,Mynte
4d258228-a1a3-418f-9642-b7e1c41bba71,Linkbuzz
e8e1cae9-1713-492a-ae7f-a6ea2bdd95ff,Katz
d4c7615a-e628-45fb-9438-ddb259e13451,Oba
5257293f-cd9e-422d-bc7c-f22037df17f9,Oloo
46f7a87d-31c4-4ccd-8970-4af63650140a,Avamba
010dbe16-d52a-42e3-840d-83a651942464,Avamba
8d33787d-e0bc-4d0a-bce2-1766afbb98c0,Photobug
22c27d5a-17c5-4ef9-b1f3-20ff50267d74,Yakidoo
5f265571-24e1-4ef4-b1b5-5ef464ea4e6a,Skilith
f0706845-d220-4eb2-a80a-c36e5d7b1490,Camimbo
c2738cd7-ca50-4974-8352-5ae257c35fd0,Edgepulse
ce3b4a2e-c99b-41be-a31c-a874107308a6,Quimm
0ef7c343-789b-45cd-bf6e-3b26734b8d20,Skipfire
6a38ca77-7308-48c8-9da0-5cfb557c501b,Yabox
87fedf1c-911b-4b45-8c40-57aa4a2fe905,Minyx
4d85f7a3-7da1-46fc-9302-03b702eaff5c,Meezzy
f729f1df-81b5-498f-bd6f-25d5627dfd69,Babblestorm
fdffa471-a21e-48f0-9d1f-529b4fa517ad,Roomm
36f10fd6-fa54-4a77-ab27-3fc915b9d29a,Topicware
4243ccd9-0f0c-4f97-b3a3-2a3d505e6d7d,Youbridge
6117517d-035c-4389-9079-8f852fbe0964,Livefish
b102c523-6710-46e4-b5d5-25b0834f7267,Devpoint
abf197d6-d391-4e6e-84f1-afa05a88c3aa,Skinte
4c039286-d623-49b4-ad34-8ba725b7f0dd,Topdrive
64061e92-d877-4f57-8fb2-b877cd0f882c,Vipe
86ef4961-2c77-4b1d-8464-3570f6e014ff,Skilith
65956076-3601-442b-b54a-f4d45dcc7c39,Devpoint
83800c72-6dd0-4e95-811d-fae0056e8236,Youfeed
560cc25d-35ae-4ed4-8162-7dbe253ba390,Mymm
a1dba9f0-a307-41a5-ad84-27186dd93f0f,Ozu
f4b03e7d-4aca-4288-81ed-a8d9f5126e8b,Livetube
5aa6b309-36ff-49e9-ac08-d053ee0fa7f5,Gigabox
d7c7ef69-df06-4d0f-aa30-85ac592a85ea,Chatterpoint
3ec1be6e-3d22-4e75-8076-e64e53697f8b,Geba
5ed4e9a8-21aa-4be8-bce0-10c1b90655e7,Skinix
d76ae089-f2bc-49e2-8813-caf826547762,Photofeed
3c80e19d-289a-409f-b8b4-331b8d0ef789,Voomm
7cea7c56-ab06-4335-99e1-fa1196a2e448,Dynazzy
e8b2ba39-b043-4805-9ab1-b51be1cda0ef,Babbleset
4f038ed5-762b-43d0-86d8-6f0d3aa07ab2,Flipopia
c4bccad9-3e81-4a2c-88af-2d12ed4fd533,Roodel
6e632bcf-83e3-40b7-bcd3-e740122c5797,Podcat
2a68d630-2de7-40e7-8f10-61f290965e69,Innotype
9156cf84-a781-418f-af0c-920ac59c855c,Brainlounge
0221da9c-15ca-4d52-8dae-4af201bda504,Gigashots
dcf91f39-d43b-449d-817f-19262dff4b91,Dablist
5992aa81-e71e-4a39-b244-dfbb3131586f,Innojam
b6343374-ca5d-4afc-b812-f1fa8955c8d0,Leexo
50255ff2-0662-4e85-91ff-0a7bfdd77bc7,Flipopia
7fecd02e-c53c-4dec-8e61-c1fcb97f66c6,Flipopia
c29b5f30-cea5-4ab5-8a63-f1387a6549f8,Wordify
9b699d11-6f45-4fab-8145-1970a594487b,Avaveo
10c198ec-a1b4-4061-9a1d-ad7375862681,Centimia
6fd2877c-3e3a-490b-ac6b-64acfb1cbeef,Quamba
e67c1edd-1ac1-4309-8f4a-8b54838b757a,Meevee
e59f1aab-058f-4075-9853-b7a9c5774ff4,Skiba
f2474ca5-f28c-4756-9fa2-c69bcdbd0423,Latz
c23951e1-3555-4c61-9ce4-f89d9c0301d1,Devbug
9b2b4fe1-4301-4150-9f13-713cb4d1f377,Thoughtbeat
c47b8bc6-7d85-4e5e-9ca3-f3465b5cef51,Bluejam
524e0eae-1ae1-4b82-baf0-08a9a2ea1f16,Meeveo
64e11a69-1b0b-4047-91c1-20f27ad2b03b,Kare
57ee152d-e7c9-4b27-8f00-82225cffb30c,Janyx
e297127c-e419-44c1-bedf-6ae97e99a523,Topiclounge
de83d93d-cc56-4f22-b34c-08c35cd4fbd6,Kwimbee
75796f55-8de8-45a8-b1ef-e63d930ec869,Linklinks
fbd9d852-8eaa-48cb-a5f3-b3636e6b82ba,Photolist
638c0130-a5c6-476e-9e84-c0f352f3a06d,Jaxspan
5f670cf7-dfbc-45c5-8290-9c6750e8c9b8,JumpXS
0c9226e4-d158-4148-b5c7-9f753c30dfa3,Twinte
e09d99a0-5025-4c8e-8579-5a0c14cbedd4,Meeveo
b22de80f-416b-4b09-a38f-d27d1ab9704b,Devshare
a1f0dc45-f4f8-4b60-90a7-c6952f4bb7c5,Vimbo
2ed53440-59e6-45ec-86dd-25aa7701a5e0,Quimba
a1f666a6-0b57-417a-96a4-d5db41a9711a,Divape
26fd5e81-2c1a-4fd7-b406-65b9d0b6de9c,Jabberstorm
b39af698-a79d-4af5-aa05-c87f6bca1d70,Twitterwire
fd856d1d-6a8d-4336-a7c8-9d1b4deff36a,Zazio
d8c971d4-25c0-4503-9003-5611aa8aa8c8,Eazzy
0d56256f-422c-40be-a58c-13a1a1a56b74,Mudo
fadaf255-0f57-439b-ac2a-40a97e686cf1,Mudo
f5212bd2-9e65-4283-a513-5baec431fc7e,Flashdog
3a1b0ca0-93c4-4b03-a196-ea3e35d66b51,Rhynyx
2892ce8e-112b-435f-84ee-d9ec9271ddff,Twinte
0b82e560-ad0d-43e0-904f-8e62e63d9a13,Minyx
99a7f05e-6b81-457a-8067-8c06ae22f3ad,Youfeed
9817b778-5140-45f1-b56e-d9c73a47e6e3,Meezzy
0dec0cf0-4442-457f-8df6-297f66ded9f8,BlogXS
909788c7-facb-4eff-97dd-ddb56cf7697a,Rhycero
3f063a07-82ed-4b2f-945f-5110d74951b8,Chatterpoint
043f36a4-8f04-490d-b3f7-a5e855770e67,Skyba
a6355359-6248-4bc6-9116-47df396ebf7f,Youspan
516a4beb-16e8-42a6-8429-5a5ceea2f6f2,Riffpedia
b2dfa56c-74b8-4369-b8f5-af6be07aafa0,Bubbletube
bdc12559-d487-40cf-bc66-f6786dab8dee,Babbleblab
b1f41f28-8ad8-4b3a-8037-75bf3d082a42,Meevee
283f6e01-67b3-4145-a58d-6639087fe519,Babbleblab
4d40ddcf-b3a9-4ed6-82ad-bcc40b9f7ed1,Agivu
22af805c-e57f-48ab-9e07-9d0282956898,Twiyo
7a5f5007-7c71-49fb-b549-098eb1fe3a56,Rhynyx
391dc1b5-f630-4390-9fd3-5fc173bacf33,Shuffletag
7b92c100-c464-4aae-8b52-6af828c80cf0,Ntag
dbe22ec6-4aba-45b5-9726-8c29f5cce654,Realbuzz
abc34c69-1113-4c99-9f25-71944b91cc1b,Dablist
24c312d1-be04-4203-8d75-b78433b1e20a,Rhynoodle
9a7c53aa-dc75-47a3-b708-0ddc504487d3,Bubblebox
b12a039a-b4c2-4bc0-9b8b-60444485e6fa,Dynabox
de5a8259-1ee2-451c-8bef-365108d0fe6f,Innotype
2faaa695-5165-42a9-ad7b-020aee50235a,Voolia
be9a3736-2cfa-4e66-862a-baf31b2b03ef,Gigashots
52cc977c-6296-4b57-9e8e-842aae113bf9,Abatz
1e84bded-7e7a-4016-8626-861f2cecfba0,Edgeclub
312240e7-10f7-4656-a85c-ddd11bc5a997,Eire
07b5300e-4c66-4bc4-9fa9-0e833ea1a808,Skynoodle
939714da-baca-42f6-a5dd-21e4974fd255,Zoomdog
9a0784e2-f686-4926-981f-5f7d7f616bb0,Buzzster
8caf274a-e75b-468b-9be9-f4ed6e9420b2,Wikizz
354d2ebf-b112-4bcd-b49f-106b8482279d,Oyoyo
88701524-a837-4b2f-8be8-3aa8ef255568,Dabvine
5e7bc18e-b052-46a2-afd4-4efcfa1ba586,Mycat
8752b861-21d9-435d-99b3-f02196d40427,Kazio
8fd858e7-7ae0-4485-bf6f-8bc97d1fd582,Aimbu
267515d5-d1e0-4c5f-a24e-b4c87c801b35,Avamba
292129d2-66e3-46ae-b135-6c43a411aeaa,Centidel
00e268de-2c16-4a4f-a539-6014d571cdb4,Skyble
30f85814-61af-4936-bc70-c4080faf5bcb,Zoomlounge
35dbb488-1ddb-4ae1-9c6e-5976146c246b,Photobug
be71e8ea-3379-4ec0-aa66-19fd405b0d96,Blognation
dea7febb-0978-45da-99cf-bf3854af7c6b,Zooxo
5c36769a-3999-4e79-8a90-899176d6905d,Skipstorm
95306457-25f2-426e-8d90-b53aed1b5694,Wordtune
a68e8704-89b2-43b0-a586-447e2f5032ff,Demivee
d0a906e1-0649-4cc6-adb7-6df1068b2e47,Skajo
bc0ab0da-8d30-43f4-993e-25f4852ba628,Mycat
7918717a-858a-4101-a7db-682bd21455b5,Avaveo
e23e473b-9015-4bcc-9c14-a2f366ef0adb,Plajo
4e6637e8-a74c-4f2f-b581-5d56cd90aa63,Yotz
513dd6cb-3edd-43d4-9628-b78a05b3f17f,Gigazoom
fc9d94fd-4afe-452f-8c86-cbd3ae428643,Eayo
8c265fea-3fb4-425c-96e1-74f048a12b00,Kwilith
6e65ec1c-c5e1-4ff9-afe3-6088a51887f6,Dabjam
db3fb736-12bd-4ac1-9ce0-5e091b518573,Thoughtbeat
bc262a52-1ab3-4826-afe2-3dd25817f6bf,Rhynoodle
912937e9-efa8-4da7-8c26-1b5fb52a63db,Midel
30bde922-3d11-43a8-a304-e0b530e047cd,Tanoodle
5f94ee37-0ec0-4804-8262-34ab6bb4fd76,Centizu
d1164663-6588-4ca3-87f2-4bfb87873f3d,Meeveo
7a4cb165-725b-4b2b-979e-ff85b400f6d1,Skilith
8410cdce-17c1-4819-80d6-b13b2e6d10e7,Vimbo
6fc99011-d805-4f35-a3db-10e44512e957,Kwimbee
60d66253-a383-4c39-acb4-f5320867149c,Thoughtworks
0d351ccd-017f-4578-ad99-90d59938da22,Kazu
9986cd9d-bdc0-48ef-b3ba-410ebbc403bc,Jayo
a5c3789f-9768-4e91-b24e-69b4ecd04886,Geba
5f196cb4-9da7-487a-a9ff-b6b6c9b7db5d,Browseblab
b8dd6f3d-0b2e-4cc3-8abf-653645a86a30,Jayo
7639fd93-8949-4ba6-9a1c-0f0917cb8816,Ainyx
efe5ee9f-9e24-4cf5-820e-782b49c9852f,Plajo
556e81b3-7fa8-4acd-8bda-83f4580e5144,Yodo
1eb14bbc-79e0-4931-8e59-2d64b5a324bd,Photobug
e361d45a-7f1e-4d6b-ab93-921fc165c4eb,Mycat
ffff666d-12d0-4617-8a2a-089a8e7ce52e,Thoughtbeat
0b1f7707-f276-4df9-8e56-2204bed0a736,Divavu
76f46be7-d1c3-42b7-9e61-7afc39814378,Dabshots
7446a730-a639-4677-ac23-c69fe2469088,Quinu
8892e824-e043-43ec-92da-396a23075f4f,Yodo
7f809a55-fe85-451a-a09b-3ead622e982e,Quimba
d2f360d9-83b6-445a-a502-4493bb44d81c,Jazzy
f9458d4f-15d9-467b-a629-1e48d24f943e,Rooxo
4a933e7a-d12e-4cd4-980e-6fc2dc15b89b,Plajo
fd811ec9-edfd-47c3-b057-6d50c451e320,Eadel
a3bd5fd0-2182-45fe-852a-149bc406856d,Divape
c7b7da89-dcf2-4210-bf37-8424fffe91cf,Gigazoom
31da97ef-89e9-4982-bd71-91daf2a52bc5,Topicstorm
83180043-5d99-44f9-be02-e67224428b63,Bluezoom
9f1e6191-1c50-4ce5-b9de-76607900ae7b,Photofeed
ce22b860-14dc-4fba-92a6-f30470c952a4,Geba
a757a6e9-b2a8-4994-8303-87d5a39bc808,Jatri
d75e420a-0e9d-4f7a-b4ae-add4586e3234,Livefish
40c3ba77-9626-4874-8a14-0a93364a9b81,Innojam
d7c95e22-5b11-4962-a6c9-8c13af66408d,Innojam
97041672-8fce-42ac-a714-2dda10c3e1a1,Shufflester
d572bb93-a71b-41f3-ac07-13060836be56,Ailane
33b9bb4e-4a85-4d3d-b15b-c817a2e9eda0,Zazio
ae8a0ec5-fdc3-4810-93a8-761171ba99f3,Talane
183770a1-9cea-4566-bc18-6920184466fb,Tagopia
edb0dfc0-455b-4582-bc54-1ce0b0a503ab,Kazio
2390166d-5fb1-4c51-a74b-dc5a3d3dbc0b,Aimbu
a1c00168-78c8-4d3f-9076-891f51ff259d,Tagpad
1fc825b3-28ba-4064-ae15-930853ec1208,Shufflester
c727ce24-188f-4ef6-b792-e27098c3a126,Photojam
f5c36736-bac6-44fb-b738-76fb341cc32c,Yodoo
7b9897cd-1ef2-413e-9562-025f17687e12,Dynabox
adda13f9-50c1-448d-a970-4c69b1da54b2,Jatri
c3c69674-7e6a-4866-9faf-381a1aeea2b6,Jaloo
80285e73-4a1d-43c6-9460-d4d0c39c4141,Devshare
331511e4-1efc-42ae-98ed-ce4eab17a424,Skimia
9a73562d-06a5-411e-b2b8-25c8f270d79a,Meevee
908f9963-44f2-46fe-bb35-4701d522efc6,Shufflebeat
852ed562-1bba-4cd2-a6e2-ec0bddf620a1,Trudeo
40067c31-cc6a-4028-bc6c-dbe602ce1a00,Brainsphere
64fe49c0-8fd5-4dea-bac3-7e993c9801fd,Shufflester
6a916958-d6d6-46b9-81cf-e03a8a5d872b,Brainlounge
028835d4-1a90-43a7-ae00-940aea25cf71,Gevee
514a8b0d-0260-4151-8da2-79a7210b80d2,Blogspan
054e24a2-a6ad-4d7e-8cd5-2b2da13a1b60,Devbug
8954fa1e-ff3d-4094-bcfa-29b1f4128c7c,Eare
2bf42ead-afea-4a75-8933-957ed1d40435,Devify
a0b016c2-51f4-4d3f-92d3-182685ff71b2,Dablist
b78a53ed-20b0-4b5c-899d-2c8588c809b7,Kwinu
c85b6609-7efb-46a2-ba8a-dd623a01b40b,Zoombeat
ca895e2a-c257-434e-bf5a-8b8237bfa13f,Flashspan
036463b7-3673-479a-86b3-a4cb77ca2521,Photobean
accada46-0898-4a41-8911-9ef77734dc80,Twimbo
da41a04b-2eb6-4c3c-a04d-c6d4f8ffe969,Kimia
df24e538-45a8-42ed-aa5b-81b7d01e986e,Youtags
c6e22c59-c0be-4ec9-b839-640ce9be3764,Meevee
37847619-1b70-4ee0-b925-8ad4240ee07c,Browseblab
630f2caa-7a2f-422d-b4f1-6c2ede413c80,Feedbug
44a17823-9fec-4dc7-bf73-1fba866c15d5,Zoonder
2096957d-a906-48ec-9167-3e239fad43d0,Leenti
9246732d-5374-44d0-8c21-1f2a4c9ffa22,Skipstorm
8319e623-3e87-42c5-aea0-88987fab1a56,Vitz
f5fb7a03-6ed7-4cc6-97e0-24883a82e95b,Dablist
8a002d65-08fa-4ed4-ac70-f472d96d7ddf,Vitz
33865920-c733-47b2-a44d-0ac8bbd9cbd0,Geba
ab001d60-9331-47bd-abf4-a1a1ccf6372f,Voonyx
42e0c40e-441f-4600-a7e0-c9d4a3f31ed6,Topiclounge
05270d8d-3bd7-4b93-9234-5a2af87f4435,Twitterworks
0640cd71-6855-4052-bf10-2097f7998e56,Youspan
acb11ac2-ce15-46d9-bc9f-5055a9e6f2aa,Wordpedia
527d7631-ab3c-472a-be1b-df2bf0ffe012,Eamia
77a7f179-480b-4c7e-ae64-745994448abe,Brainsphere
852b6760-9593-4e01-ada4-f86ef949ed03,Browsecat
7b8cf44d-1a7e-4892-a98b-608173374850,Gabtype
275c9865-576d-42b5-8083-5f9dd6fb0c5e,Jabbertype
ce1adba8-6eb0-44b1-a852-dca47a98cca4,Voonyx
3b857869-430c-4954-aea6-30470ecdb310,Vinder
bf80be31-c718-437e-b001-cb72e5186846,Skyble
0be050e7-a9b5-4e3f-8db5-7f4526486c4d,Kaymbo
38a408dc-2be3-41e0-88f5-e5b85ca76708,Tazz
8d7228b5-e9a8-49f1-8b4b-9b866f28929c,Tagcat
09ef0d87-12a2-4de4-b590-0846b154ce60,Roodel
fb174d06-5d7b-490b-86c4-ef41e8fa49c0,Yozio
2402af73-47c9-41d1-9c67-fface1b133a8,Snaptags
75d8ae56-85d7-43fa-8dda-21e8223fd25d,Gigabox
5b1d11cd-f5c5-4ee1-9121-932a50ddc8ea,Zoomdog
912df1e9-ac1a-4a01-af99-7e5ca54fa241,Avamba
2d56dc1b-9878-4769-b143-b41565a67c90,Jaxnation
9c9e9840-0e11-4ec0-8df5-66c27ab608f3,Bubblebox
e2b6f813-a30d-4bf8-a2ff-7ec8f9eddc88,Brainsphere
51ab2674-1093-4ae4-a28c-8e2ab6f75157,Talane
ae331e7f-3087-4b6b-ae87-a862f63da646,Photolist
60954251-2a4f-4d5c-86bb-9eafab51b90d,Skimia
8e9efd78-82a6-49a9-b902-c575378ca59f,Fanoodle
c5dd5dc0-b508-45e0-aa9c-d60afffc3a5c,Demivee
fafc0d59-b306-48c9-a1c3-c118b2d79714,Tekfly
a42aa1a2-b650-4027-9b30-9c8f2d36b2fa,Aibox
7aad3dfb-c141-4d9e-9dd9-c5c68d82a366,Skippad
a133ea89-00a1-402e-bbd3-cd1b245480a5,Yakidoo
8e2e8d9d-c400-4b5e-a3f6-bad23441fb33,Blogspan
0eb62f2f-dfdc-46c2-b115-f12851fc7bbf,Browsezoom
9fc91db4-d76f-4ae9-8cc8-f1218d9bc2b3,Shufflebeat
7454f845-439f-47d0-88f0-3c9c695aadeb,Mynte
3223f666-c115-473b-b387-7ef7d31e7d38,Cogibox
afb3037a-7d85-4e8e-b7f1-d763b500312d,Kwilith
d795a7c0-2515-4364-be04-e1570c5046a0,Gigashots
49211848-9333-40f6-aa54-f5aae26e1357,Buzzster
ba26a5f6-144d-440c-b089-f3e26ea06109,Kayveo
680c2eb4-f0d9-41d0-8b15-ac16a01d2b66,Jabbersphere
34c078a7-671f-4120-88c1-598b7d534e1a,Babbleset
07ebae75-fda0-4183-8a7a-5cfd2cbec5ef,Topicshots
3fb72474-cbe3-496f-9569-50c51f0fefc1,Demivee
49fa6c0d-32ba-4e49-8a4a-8ab7611d69e2,Wordify
045ca7bd-9caf-4dc8-9b52-eee1d15c108b,Minyx
22133706-d121-4258-9983-9f1be5dcb4db,Edgewire
b63cc0ca-00ab-4534-a459-830493be677c,Avamm
0f2bc699-3a63-4d60-b230-61d730f15ca0,Livefish
72a87a02-2888-4005-a1ba-6f0443cd206f,Fivechat
c0ce51b3-ff08-4ec0-8d19-517135536bee,Meemm
0d6fe470-f079-49a1-969b-13bab0fc2e13,Kimia
b253f97e-7588-4671-b67e-7db7917b555f,Zoomzone
9e2b53bd-a822-4dc3-a8df-c3790aad91c6,Shuffletag
263226c4-0661-4bf1-ab80-9e1efcb025d6,Yodel
776aeee1-54a5-40f3-80ae-68ac5e7e2d30,Rooxo
9f42e5fb-40c8-4db3-9eae-732a184c33d3,Yabox
06b36601-2f37-4d04-972f-8d568ce72af8,Yotz
2b6deffa-3733-44b5-b945-6c3b7fcef456,Wordpedia
72bfb80c-5cbe-464e-8059-98762a21bbba,Brainverse
0797dee8-f423-45d3-86e8-eff286facd06,Browsecat
d8b19ed9-2d70-479a-ac5c-1ce89ebfd98e,Shufflebeat
39ceb003-7573-4349-ada6-e7761e2f68c9,Talane
cb0e3ec3-fe55-41c8-864c-547f59e66295,Wordify
b4040b44-5654-4496-880f-594816f455c2,Twitterlist
81d8849e-6df7-4be3-88de-93cb0ef8c4af,Aivee
abbeaddd-0314-4b72-90eb-fcc2e9cf4fa0,Pixope
e8217012-343e-49d1-b713-7334c4e296b4,Mybuzz
d2645252-7ef5-4ee2-a2ee-00fb1dc5e464,Feedfire
08613b25-e70e-4860-a2b6-c564df795a22,Skynoodle
ce35e1fd-6e9b-4711-a36a-b79ffadb4a08,Eabox
7a9269e1-2469-468e-add3-70780067b4e4,Photobug
4fb08f8f-8cf0-4826-a293-71e2772e4566,InnoZ
84e05df4-0007-4666-b555-bba3a918f996,Katz
f8fb90ec-992c-4abf-abba-3014ba7d1f3d,Wikizz
fb1b2cc2-d711-4f5a-99e5-866c60d8962e,Tagchat
15243118-b48b-4043-a818-77866608a354,Photobug
7f856ea5-27d9-42d0-b206-666000ed1a2f,Ailane
1fa91999-ab06-4720-86d2-6ffffa14aae4,Zoonder
0e98a45a-8265-44a7-93ab-1f6e6f044b06,Topicstorm
f21be289-45e7-4ffa-836e-563db3d99acf,Browseblab
a470a6f5-4a6b-4e11-b7aa-2bfca2fe0b11,Wikizz
545360b6-7ed3-409a-bc43-1c9055045fa3,Jabbertype
8f1f1986-8eb3-4b29-9af1-dceb4ab11c04,Jatri
2ef64ee4-4d34-4310-afc9-9537586e7b30,Photolist
1796e841-9b1f-4ea0-842c-2709389b8e4a,Kwimbee
f51c4bd1-b89c-4ba6-a8da-bb33bbf1db6e,Chatterbridge
5e7d6a4c-6e87-4aee-88e9-11186e9346f4,Eadel
d14b991f-6204-408b-a826-6862c0b0e836,Fatz
875d1329-9ccb-44d9-99e6-259f93748cec,Omba
38d708a4-31df-4144-8d3b-8815cbd1db3e,Pixonyx
6d74613a-b385-44cc-93c6-c6729c2ce13c,Skidoo
62c0f151-78df-4156-8007-d1eb9a83a0d3,Zoombeat
7e9b717e-656c-4ba8-8116-12189fa28122,Wordpedia
448457ce-659f-462f-9711-0f7d9a8fea62,Dabjam
dcb4029e-e09b-464e-94e9-d01a14c046f7,Flashset
1faf2f0e-9708-466f-b786-855b0f9eca6c,Cogibox
f9e51645-d3c0-47ba-a54f-d3f247d3d38e,Gigashots
102ae512-d5a2-4918-8a4f-e225304d2986,Meembee
86fea136-3aa2-42fd-afa0-63fdf2c86ce2,Quamba
30b2839b-a856-4cac-805d-82aff3b7640d,Shufflebeat
bf188185-c576-4370-83d1-e8457a424c32,Innojam
014d7ab4-0ca3-46c2-8918-3c140e9d9dff,Twinte
6969c02b-37a6-4262-9ee2-ed0d3ff8bf58,Fivechat
b9c41495-70fa-48fe-906e-d3fb844cb464,Buzzdog
49fe4341-cc14-4237-8c87-378c94c77e7c,Teklist
fdf29c18-96f1-494f-bfec-e7f89820f43f,Quimba
bc8dafc0-9237-4726-8d77-881699b746cf,Shuffledrive
eebff9fc-23e4-4965-abac-a53955be5fd1,Katz
0ff901d8-ffe1-4dd0-9c85-871ff07140d0,Devcast
33dfd55e-01fe-467b-b04f-ea5cf878499f,Quamba
6d47512a-0a6a-4c0c-8ae2-883e7f04ba41,Izio
e3b666e7-1efb-44bf-a4d7-38eb0d0a1b77,Eamia
0e43dab7-eea1-40bb-894c-afe3aec6251f,InnoZ
3dea07d0-dde6-4f58-8828-e5ed126489c8,Quatz
3f70834b-e261-410d-829b-c7b4542babfd,Yoveo
f70778d5-b40c-4522-bcef-3103431eca5c,Topicstorm
7aad3c66-c6df-4ba1-901a-1dbfd3f356bf,Realfire
518aedb1-f22c-4363-b7f7-da061b7b721f,Jaxspan
42633469-c51b-47c9-aabb-5eb7df1f4c9b,Avamm
ddac3e38-ae11-48b7-b063-38d029f85425,Topdrive
ee40d478-0498-418a-b9b7-169097c2b1cb,Geba
7e9266bb-ac21-4f2b-b5dc-4f7b36c5e4a7,Rooxo
0c603411-8bd8-4ec2-a0be-9766f86edab6,Skynoodle
362bfb44-82c9-40cc-82df-f2c900de850b,Trilia
b201352e-c1a8-4143-9e6c-3154f88758d0,Skinte
69a802b9-f4a9-4f01-93b1-37c38649bd89,Realcube
333d5d36-dd80-4b95-9a07-fa47fb9e4602,Twitterwire
f1e8604c-8f03-4b82-b52a-8a73fa63f5de,Chatterbridge
7029e5f3-1ecc-4178-ab8a-1a5415afa63b,Eamia
1d4e3d7e-2dfc-4991-a3c8-6f8372cf51b2,Devbug
63c60677-a8c7-4dd4-8e1c-c5b466c961ce,Aibox
8847dc86-268e-4f90-ac0d-ef41150e3543,Yoveo
86cd8191-b71f-4042-aa33-c04c6c6db678,Feedbug
11b77c18-b137-4052-8f56-b07b32983ea6,Dynabox
0cf0090c-bc86-4218-8fa1-bab28d58a88f,Vitz
c6a31b62-17bf-4c08-881d-e8da3f7bc908,Shufflester
0ee0ed3e-15cc-4a08-b5bf-b93572a27802,Skimia
b0f1e2f2-513b-4003-968d-3f5bc2c8a704,Quamba
9be0a048-7f07-43fc-883a-8793661e07b1,Thoughtstorm
db708260-093e-4620-b8aa-510fdf8884e9,Realmix
2d4f7651-c1d7-4112-8753-bab70d072eec,Aibox
ba56c7bd-4592-47f7-a43c-2e76693d9a49,Topicstorm
54ac738b-331e-47d9-a2e0-e82ae24b83eb,BlogXS
014059ca-1a20-461f-bdbf-7fd02e3d845f,Voolia
b66d674c-6819-44fa-bdd3-8c061d95f389,Oyondu
0cfa6383-306a-4ed6-98ba-0767f27ae072,Voolia
18c406ba-894c-4891-a158-f2d591f8c187,Blogpad
c7010537-80dc-4933-a74a-c50a2a871a73,Tagchat
57cf7801-6b4d-4efa-9a43-a4e911cd0ddd,Livefish
e5f5fd6b-15f0-4f47-85fb-1945bea1815e,Oloo
2385a378-44b6-4d09-b3ad-8246d4ea1f3c,Skimia
4aaa3588-667c-4016-be8c-afe8b1e5d723,Twitterwire
f9f55f23-d1e2-48fc-bd9f-08c1aea488aa,Tagtune
d71e4d92-0b4f-48b5-9289-bf498e4b0437,Eamia
4e23f638-b6b3-40d9-9a2a-624844f8fb7a,Blognation
79268be2-0234-47de-9db4-af99ee18bba9,Trupe
9acc515c-fba3-40ae-8ccc-fece9bd87dda,Zoombeat
38a3087f-3a1f-499b-9393-5b819fdb31cf,Roodel
e61b5669-d1c3-4d66-adbf-8fa3d25092c1,Tagpad
6118169b-2a58-42d8-8715-6b00decaae8a,Flipopia
4899ab4c-92f5-46fd-af11-6e0daac703fc,Realpoint
6ef2654c-b1a3-4dd1-af6e-862716506ad8,Eidel
9ed1a89a-dda8-4a9f-be5b-62a6e6096c8c,Gigazoom
f36a27e9-12fc-4a21-bbc7-bb7878c06462,Riffwire
b0e65516-5a49-4964-99be-f8e697e21de4,Zoovu
00b7cb90-6204-4e04-87e4-2e9e4cf6ed40,Realblab
ff8e0428-423e-4606-961a-49a22767346a,Feednation
7f97848e-b3ca-477a-8880-47c77dc0ffac,Topiczoom
279e0e08-fab2-4385-b62a-6bdfa54cc95b,Aivee
81240061-7a7d-4532-b664-9f7fa83f2f81,Realbuzz
2f3c9d8c-bcec-4fc1-bd3a-5d6284e0bc51,Npath
d47f7b2c-2d33-4bf7-be00-18d4f9baae01,Katz
20fa2376-afa5-4257-b99b-f52d40aaa6a8,Livepath
59b3fae6-2d58-410b-8c80-0f751757b058,Linklinks
e98d0fad-df41-4e47-abe2-eb309ac0666d,Feedmix
831196dd-bafe-4309-975a-b6e038a236dc,Thoughtmix
0f0c80cc-149f-4057-8e83-da206ddcff30,Dabshots
abdd5c30-1544-4392-9328-57b2dcad9cdc,Edgewire
698463ac-a9b0-4b06-ae74-1a53c3846522,Eimbee
b74db039-23db-4811-b496-4afbd8ea6cb1,Eabox
83867672-f2f6-45ad-9207-80088f96ce57,Realcube
2044319d-b716-4752-a482-f605ee81edd5,Roodel
bb332460-a3e6-4b60-bb54-8b7ceaf3ade3,Tazz
faf0969a-4c72-4c03-899a-93ce98afae00,Yabox
3d3ff603-84ea-4143-9508-300c935e1962,Zoonoodle
4446c377-9615-4b4d-9d80-f04b918095de,Zazio
72e5c15e-1aa3-417e-9dab-23221e37f1e2,Kimia
684b2e67-69c2-430c-a0be-6728a5a8e434,Skalith
1b9ca55d-f756-4125-a501-130f1df2561b,Gigashots
06a21b21-35b9-45d2-bc91-2b834e91e037,Meezzy
f93ac71e-a903-47e7-9cb6-b4b1c5b447b2,Photobean
a501326c-34ea-46f0-ba1f-7916544eee00,Devpoint
69c8f271-d371-4ec7-8ce1-642ed5ac0c30,Meetz
28ffd65a-3729-42dd-9143-5e30171f1877,Tagfeed
7c973d73-9775-48f9-8e19-fe0ee4c3fe0d,Dabtype
feba7587-e99c-4490-b347-ec8866dcf736,Chatterpoint
94695d18-489d-432d-80f6-4eea83a3ebeb,Demimbu
ce0efd9f-f896-4366-bc10-ab78662b094b,Vimbo
a9a4e446-a62d-4f72-aab3-3be96ac4e5a8,Skinte
f7eef35c-d124-48c3-b29e-6fcbadf40813,Livetube
6989bed3-a512-4765-bc76-186b91dc9fbc,Mita
d21854e8-365f-4ac6-80cf-17c47ccb61e9,Zoomzone
536a374d-829f-42d6-91b3-c7ef44cb3ff4,Shufflebeat
8012da55-8df8-41a8-a823-8c86646c3105,Livepath
3c2a2862-0045-484e-b636-ad5080ff1bad,Yombu
2e2f59d5-eee3-46c0-9166-770d143a8bd0,Photofeed
9c7e955a-1a70-4767-b3fd-5665d5d232ea,Thoughtstorm
28f910f5-15c1-4a10-8dda-8b6d8a8f96ec,Zoomlounge
002b0e1e-ed62-4899-a5e6-896a4eb730be,Einti
f2ebfa42-e465-4670-ad09-89f13b4726c6,Voonte
1d04b101-2b01-4b70-adb0-3d6ca756c26b,Edgeify
a28b263f-2aa8-4238-94e0-4ddb6953bedd,Wordtune
447fe926-9ac9-447b-a58f-f00d3985b3c9,Shuffletag
fee8495a-2db2-46ca-8856-41ba0de9c9cf,Skyba
0bf081ab-b6a1-4c77-8ca0-59171f397e06,Trudeo
3a66d553-7b35-49ac-a448-6adb272ebeb4,Topdrive
98e8aca8-c92d-4a06-adb2-4a9965a489a1,Mycat
86080bdb-a335-4f34-b563-52d0945741e0,Twitternation
457e45d3-57f5-4067-85a3-9286286365fb,Cogidoo
32889e0c-a7e8-408d-aa88-e9b1a3fb8ec8,Eayo
cf611f20-f72e-473d-bfae-b7ed2c226227,Dabjam
b8f73cb9-769e-4445-9873-a5f2fd7ad78a,JumpXS
02fb3611-f2fb-4318-ad4b-029993fe15db,Skippad
813cf3f8-498f-487c-bdc3-79d3ed218644,Gigazoom
5c76d228-aefb-4085-8852-e1a38969a059,Devshare
c6104ee1-f3a8-4f86-829e-394221311a0e,Roomm
0772edc3-6b36-4ec2-af29-be316a0aee3f,Meembee
f5699c8c-dce1-4a7e-b503-6b5159972a96,Feedfire
e8342ac2-0247-4c87-8581-4df8640dc083,Kanoodle
9400022d-f14d-454e-846d-115bd3c4c29f,Jabbersphere
7bca1de3-f4b7-4e17-b721-2b4800fbe306,Flashdog
701ca22e-66da-41e6-a899-3b124b7f7e29,Meevee
7abdc615-9fe5-4369-b4c5-0fd3551e503b,Nlounge
ebd777ff-9370-4768-a48e-540b7cb10220,Yabox
7e178cea-f2bd-4022-b952-4c5b82e247bd,Tazzy
734b4fc4-ecba-4b10-9cd5-cce5974aa1b2,Babbleblab
e53f599f-666d-4079-996f-4bd617ad5d90,Abata
a26f0987-ada7-42a3-af7f-d1b9b39769f4,Ozu
4bfc8981-fdab-449d-8645-32a5c1284194,Meevee
5cf38efc-7a67-4baf-820a-ca575b399454,Dazzlesphere
f694a3e6-cc48-498b-b756-715416fe0056,Aimbo
b1d4ecff-9cc7-4bde-aede-c12c739d4050,Flashspan
a55ba0bb-4d5a-4c25-ab8a-fc225c986092,Photolist
d1c48e16-9933-44fa-a8db-c2317eaecc6a,Thoughtsphere
db66f4a5-4bb6-4a57-9718-cbfc24f9948f,Skimia
12945974-29ec-47d3-9690-5ae9ac161800,Flashpoint
8a72b12a-20ac-41fd-8eab-9457a206e0fd,Jabberstorm
d3aec5de-d617-41c1-8bfb-9f37a9044ee6,Eidel
823657dc-d33f-4007-bf14-c7972a1577cb,Tagfeed
f820046c-ded9-4646-b3df-05b620aa60e3,Eayo
ac83a40e-47da-48e7-8964-6133b7a3886d,Skippad
3bb00ab1-0417-4ddd-bbc5-32605d2262a4,Skiptube
16336a12-c396-46d7-9a80-b1a612f632bc,Mita
5c48d8bf-7063-4c4d-8fac-b7a63ffb2bdd,Ainyx
0c828d34-4b58-41ea-962c-aba522d69904,Snaptags
64ff0ea1-1151-4ce2-9f04-7f6efd60c51f,Kwilith
21f1d06c-578e-4885-ae87-7fc9ec1a1526,Mynte
eda660d5-96ab-4075-8f86-55bf3668aff6,Trudeo
0a274e86-0589-48ca-8bb4-66d1ba77004a,Devbug
bde09bad-6577-43ff-99a2-2fac5a2c863f,Photojam
e9ae122e-6f8a-4ee2-a6e8-fcb8f507eb8c,Skidoo
8a6f8e61-0061-4fb4-b46d-a2ecd762e4ed,Jayo
807cb9c3-a39c-4047-b6ef-3ab849d4c2ec,Mudo
b6debbca-58f5-48dd-ab8b-df94debbf23d,Bubblemix
7b23f7bd-809c-4e47-ae34-8e5fd13fee67,Roombo
5b938185-b2d7-43e9-845c-542248a548d7,Roodel
84da65fc-baf3-4b0d-a756-ff91f87a45e0,Jayo
15ebfbc1-4f32-4756-aef2-c0d5f4362798,Podcat
093df988-42cb-4a22-8f77-73c668e758a8,Devcast
119cb066-ca0e-4f82-9ba0-e0b8c6c9e942,Fiveclub
e368099a-7fb5-41f8-b614-298a99ece255,Jaloo
48de7cda-8ce9-4c97-8064-5d1c37e65f78,BlogXS
ec0ea541-7624-4ba2-894a-86fd4df79cc9,Yamia
b1f22f2b-a0ee-45f0-b0f1-63ddbbc19a84,Einti
9eb908ef-2bbb-4f51-9c27-089fa1feca55,Twinte
6ea7fe68-56eb-45e8-b1d6-620e040635cd,Muxo
1de6f76e-72b1-4003-8046-f673f24858de,Skiptube
36f0f517-8c77-42cd-9304-66c66996b707,BlogXS
ebfc1067-3ea1-41f0-8f25-c628879c369f,Aibox
6f0e17d0-598b-4bff-8df4-060e1d216668,Shufflebeat
a9fd7949-5dc4-4993-9d44-73c8e6f4a292,Tazzy
51d5b1e5-72a1-4be9-92d6-950b66aa8a12,Fivebridge
d25579ce-9dc9-4a16-aa35-b72d3f75bf24,Zoozzy
4b8599bc-eec8-439e-afac-4218ac0fe67f,Wordify
30f026c6-651a-45cc-946a-40fba4dfccf8,Oyonder
e30e89fd-28d8-46e3-ae34-626967ba8832,Tagopia
d739ac10-0635-4953-a2f9-2edb70362303,Fivebridge
21b4297b-9969-48cf-b1f2-38604f0fa9c5,Chatterbridge
d5fb7937-1128-4141-8004-8ecb2666cfc9,Edgeclub
3edcb656-f198-490c-a45a-92689b73e3f0,Riffpedia
1ac6a542-7870-47e4-8ee9-dfbf22e97080,Kwilith
8df39b62-0375-4c14-915e-dc1bbaf160c9,Ooba
785a7dae-0f76-43e6-ac94-3695a654534b,Janyx
271df01f-430c-4d8c-b11f-bce363a8042a,Photobug
092186e0-2c49-446b-a63e-54859c8ec0c4,Midel
ab29ecc7-115b-457a-aeef-8e08c331a611,Skyndu
9e0b7f96-53b5-400e-839d-8be133bb4c75,Topicblab
5808b8c4-5858-4b69-8926-517ade01324b,Lazz
39e65909-8aec-47ba-b338-eb76050fdb48,Skippad
a50c6181-79b6-4ba2-93a8-b2ff2bb41efa,Quamba
70c5b557-3b61-4def-87dc-c8f941bdd779,Babbleset
48de08fa-2230-4633-9333-a695d0f2a911,Brainbox
9fccd478-da6c-4911-bbe8-b5f60f4305dc,Meedoo
6c817d1d-5dda-4776-a519-d096b5d0b16a,Youbridge
66582a36-ba14-4a6a-8006-f952dea53e59,Fiveclub
62f5a51d-be7a-4423-8c5f-db2f990bfb3f,Zazio
2c09ec8d-87a2-4d88-a5ed-8b4fcc0e8a8c,Yakidoo
aa1c4ecb-c4ef-44d6-ac82-6ac39c05a2ef,Trunyx
18d8ed77-e613-40ad-ab0f-ab9914c32f37,Jazzy
0fa65b08-b1d7-40c4-94fe-cec7041d5e8b,Shufflebeat
c94b7c91-173f-4877-8dd3-d3ec45889b0f,Devshare
8e45c095-46ed-460a-85bc-834d95ae0382,Skynoodle
b5e37017-80e5-44ec-8e34-9a89347d13ba,Kaymbo
5b505422-deb0-4e51-a4a8-3ef6211d2287,Lazz
84952a07-6850-437b-a175-7ea463801bca,Flipstorm
819ff02e-0374-47dd-af52-f9e75f819238,Dabtype
aee240a6-240d-49db-bc00-96afae7e3502,Feedbug
d563bad4-b5e7-4756-afc3-8a0b1ec3387c,Centimia
2296299f-3b22-4cef-af39-0e58f04ba41c,Demimbu
5f9e5d90-d859-435f-9ac2-d4ec5c3a0580,Photofeed
b28447a0-1bd2-49c9-a8f1-9f143187f638,Lajo
ebef7ee9-8ab3-4600-b9e9-bc193a537d77,Gigaclub
d5beaee7-f6e4-48ac-8126-a88f7b02c3af,Feedfire
562db22c-aee9-419f-b923-66841ac1609e,Plajo
8135e22d-feb4-489a-bd91-04df1302558f,Vidoo
e6e49b1f-1db0-4df6-a895-c22c4bdf3900,Skaboo
8b31ade2-2a22-426d-ba96-d98ae43622e9,Agimba
441d761b-9bf1-4a48-986e-04b052e8af6c,Realcube
1a0a02db-b594-43f2-9a7e-3299a808df0f,Dynabox
cd27bf7e-54b3-467e-8321-53750538c150,Katz
3fde6852-6e9a-4dd8-9d7f-e9f2865dd80c,Rhynoodle
be83a379-fdb5-49c4-9185-46ca0f510488,Meevee
7db6accd-5b8d-4c38-a989-9683e554246b,Reallinks
08b74a8a-947e-4b8d-8836-acd7c232ae1a,Vitz
914f8fb9-95fd-4f5f-aa5d-a2a483270f47,Ozu
177152d2-da6c-4673-8fbd-0fbace9f45e4,Zoomlounge
55311aec-3a18-4020-a70b-f8f7427fa41c,Devpoint
c90a269b-3f0b-472d-a62b-19db99bd1e21,Skalith
a4137098-d5e4-4489-a461-943c058dd5b0,Twitterbeat
eb5ab88f-956e-4456-8269-e594e3ee8a9c,Browsezoom
15dc629e-f80d-4b48-a07c-fda2c3174ff9,Tagtune
c0617a09-a1ef-4170-9c95-c00fb2795237,Jabbertype
ec527bd3-c08a-4a2a-b6cf-a951442d7706,Bubbletube
efa8a30c-d49b-4522-bef0-e5188a7c0ab2,Midel
261c18ec-08cc-414c-a3bf-2323d7f146a7,Skivee
7de4ce7f-9448-4d70-9a36-29fde3e52915,Shufflebeat
d95da192-4404-4031-8c41-30ee30747ea2,DabZ
cbfe8a9c-69c5-4f4d-a524-31c1f3cf0bae,Innotype
1353e05a-cea0-4366-a686-472d1965334d,Skyvu
a488f30e-58f7-430a-8ee5-3c7398363fc3,Rhycero
d34a045e-9bbc-49d4-b778-894fffd4b55c,Zoombeat
c6fd76f5-552b-4180-901a-484c0cf653c1,Divanoodle
a23a144a-c02c-482d-8345-a293c54419e7,Youtags
25c36e0c-1560-4ba4-9751-c08a15cb20f7,Gevee
0ecc7f80-edfe-457d-bea2-01be11a6252e,Oyoba
d26b4c15-654a-4b3a-94f4-6cdab14325eb,Oloo
5a2550c5-d914-4965-9675-0df0fd2e3be6,Photolist
e20b42f9-6279-40c0-ba59-c16de9a4f399,Jetwire
4f96318e-aaeb-4432-826a-0e86b1f2f4fe,Eidel
c5afdda9-a2e7-4b83-aedc-f0a385b25f98,Myworks
21e0946b-65b8-4c46-863b-59a858a35e1e,Twitterbridge
3addb1fd-a36c-4cff-90b1-a42e268fadcf,Gigaclub
7e5bcd75-6e16-4e38-b836-bc03987fcd6e,Camimbo
2f8e58f4-fa9f-44ed-92e0-844b5b225779,Tagchat
50dadc87-8060-4f93-b56d-173816f161f4,Demivee
546863b3-92e6-4a6a-911e-53af7a22a84f,Realfire
ae1b4e12-3a74-4e40-9194-24d0bf3cfaee,Yodo
94ff43b6-c9e2-421e-a78a-0f02d951b8a5,Zoovu
00a9026c-b86f-4f04-b42d-ecccca64c37d,Kare
6f31acd9-1172-47bf-920b-18a077909328,Babblestorm
29385bc5-a95c-49b9-b3c9-9495c1eabb3c,Zoomcast
7bf5097e-8029-4917-bed7-f1bfd7c246f9,Ozu
a7ea1e87-95ec-4308-b610-8cc1449d282a,Brightdog
342c83e9-b314-413b-b4f7-cd49415b4f46,Cogidoo
2b1da90f-75d5-4f6d-a4a2-04f8acebb382,Browsecat
f72aee89-cf91-4a01-833f-0211ef7a6caf,Skipstorm
e4eec77c-69e1-4660-aa36-99e4974b3369,Mydo
9fdddd79-6d6f-404f-8a41-836a913bde11,Browsedrive
a3508c3a-cd44-4e50-ada9-3502e5955713,Zoombox
ee2e1406-8ac1-43c5-ad51-3424b7fe8a77,Blognation
27c6c58e-e38f-4317-8a22-cfdde9b4b7ab,Yacero
8a644c53-2203-47bc-969b-6f3f0f9a22b0,Jayo
ad91b872-6705-4273-abb7-874fab3a008f,Mudo
ee96bec2-9d41-4d81-90fc-a5d394ee3287,Zoomcast
62ace6b3-3fdc-4ae5-9d91-9a05ed6c2ed6,Eazzy
c8d87eb3-a344-4c66-9551-6a93087a065f,Divape
a5475489-e95b-4946-854d-10c95745b394,Youfeed
d438d169-c79f-4300-b4f1-97edad0a6f85,Voonder
54313db1-cc0f-46eb-93ed-6c04a2774cae,Yakijo
f29569a6-dc43-4df4-905e-ace4705efd05,Tazz
7ae0960f-c3e0-479b-9560-8d674a6d43ad,Devcast
3cf91e9c-ef94-42c4-affa-948359c5ad95,Abatz
2b2d8a6c-4a98-498d-aa38-60a45d7ec45d,Twitterbeat
854b4f58-e522-4930-af8e-3ab4ca05eb68,Twitterworks
894df25a-67e7-4831-b3e4-e15495499cbd,Jamia
a2eec9ba-1ceb-489b-b8e9-25ee9e97de41,Demivee
3fc989f4-8f34-40bf-ac38-3d3f09e06642,Zooveo
73945fc6-af7e-41a2-8186-60a967670694,Thoughtworks
6635e376-12d4-4489-992d-b091d4d20424,Eadel
d7f8a119-4c59-433f-90e6-7ebc129c2fcb,Riffpedia
bd6a4191-b10e-4e41-af99-6d8392aaf094,Yacero
8b068422-a552-458d-a219-df2d80a785de,Oyoyo
7288ba25-d660-431b-a461-49bd6e6bb9cf,Kwimbee
83eeed64-86e5-4969-9bd4-994062fdd455,Feedmix
b2a89680-e175-488b-980c-705df3f534e5,Zoozzy
73505294-bf96-45f0-9a51-c24f23145ec8,Agimba
0d017509-9884-4fbc-80a6-774bcb43dced,BlogXS
dee7522c-047a-40b4-90f7-c114cd066a1f,Omba
d53fb756-a97b-4879-a7e3-760a0413d06b,Nlounge
7f2d04c4-333a-4b97-a386-87ad18206f51,Ozu
fd65c6b5-1b23-4065-b103-1a1a6c79a814,Jaxbean
e9663cf7-41cc-4844-a0c5-a0d70b50c350,Kanoodle
5c87b0d6-4ed3-48d0-878d-d3446d72d828,Riffpedia
09014395-6b03-4511-a958-9fa8b3cd4c89,Thoughtstorm
653b4232-0d6b-43af-bafd-73fa1da0589e,Kwideo
1fafc6fc-f664-42e5-ace8-120fb8374ab8,Kayveo
2999fa35-96a9-4aa3-bf81-11a0af1e017f,Thoughtstorm
ce818f54-accd-4e0e-ad62-01fd0566bc53,Oozz
37e7c03e-bd52-4492-bc45-714a9fc55d88,Zooveo
5603fa2c-811a-4a12-8353-180b5dcbc588,Jetwire
c5809d37-fa96-4b6c-9a58-ca18eece6de6,Topicstorm
27faff84-80ac-4ca2-befe-cfa666b391d6,Photojam
528e0861-b9a0-46a2-af5a-c1d08c82ed24,Trudoo
c1bd6bf9-9543-4c52-b3e5-dd7550971a30,Meevee
2e246748-e9e1-4c93-8ef7-bb82e1a73749,Skimia
17032c39-d6b4-4a99-80dc-6caae697923a,Dabvine
ed643703-bb1f-478a-8074-b619533e9ee5,Trupe
fec85e27-80da-4713-97b4-f49a5151968c,Mydeo
600d7de8-71bc-437e-bd15-dbb5225d462e,Tagtune
532ffa03-e19e-4e43-9ec7-53d0859dad4b,Skinder
39f32608-fe6c-4b67-89d8-42f52ca38a20,Yadel
a5e5c87d-f5c0-47c6-9496-3e45095abfb9,Miboo
37017613-6b68-4c43-a599-be6549a168b2,Voolia
7ae64e35-f946-4786-8053-279af5b0710b,Aibox
8f7f5b75-eabf-4662-a1fd-39b0110a8920,Quamba
0fbbb098-eb9e-4f7e-a312-8640760ca612,Miboo
f8a04aae-372c-48bf-8188-b7d2634d632e,Vinder
d55458f9-b541-4918-bef1-5c651950299c,Kare
49595529-3114-44f4-955e-f358e78331c5,Ntag
b27289ab-442f-4255-b77e-f028c340db2c,Avamm
1fc03a39-d52b-4cd6-bcdc-7f55a45783a5,Feednation
628028f7-4490-4ffc-bab2-1ead041eb39c,Trilia
35459bbe-5e17-49a9-9cc6-ebf06dc20424,Janyx
12cecfd2-4e68-438c-912a-fd27e5d00816,Fatz
8f14a024-880d-41e4-bda7-b6fbbbe6d4ac,Yodel
3219268d-cc9e-46e3-bb96-e224f05e10f3,Oba
f8e2d29c-e697-4921-a220-80e70886f8fe,Meezzy
c80beabf-e020-46d3-a49a-bf97734f6f76,Yakijo
dc9da661-5bc9-4cc1-8867-e8f436da72c3,Tagtune
6b92cc65-89d1-414a-acd4-88e965e3abd6,Yodo
7f0c205e-ad96-4370-98bf-ca321e821a06,Quinu
8e777374-c8dc-424c-b20b-cf26630a37c6,Avaveo
919ea74f-7618-48ab-8ae0-25358ba03944,Brightdog
9ca23ce0-606a-4c7f-a9a5-830d69f20957,Jabbercube
0b864c91-9b65-4485-b8c6-fe24c4acd8ba,Youtags
16bddc80-dab0-4ea6-955c-e9414724ded4,Blogspan
74fc92c8-2583-4c32-97fe-d81144c461f4,Skyble
9a9342af-71ff-4003-8998-35246d37d1f0,Kamba
127bf3e9-b80b-4bcb-b438-e2cc491bd5fe,Twimm
077ebf65-355f-4fe7-9982-a3d352311178,Flipstorm
6ccf87cb-6f90-4c17-b431-177ec2ff267f,Leexo
7aed6b98-e8d1-420e-a1f0-5f71ae1985c6,Realblab
c27227ff-02a9-428e-9b18-b349858fbe2c,Oozz
2e667f6e-5487-478e-8c6a-5f86ec83ac56,Camimbo
009092a4-5791-4ae9-a322-62d574788535,Jetpulse
37d574c4-154a-4ab4-bc0a-183c24a60bc5,Snaptags
30e6d989-7ad4-4765-b149-6899996a92d7,Roodel
b2745e1c-9446-4741-97ba-124a511e0215,Chatterbridge
f8821319-e2c9-44f1-96ee-b4164bd06829,Layo
c9dd9a29-c008-4f63-867b-e8a835e0f136,Nlounge
d2f8cad8-d928-4e54-b80d-060ecf0b3fc8,Brainbox
d9d586d4-09cf-4404-8688-a645a2babedc,Thoughtworks
181a311a-5a29-4e10-affb-bfe6fb4ed702,Ooba
3fa8af3f-a3ba-41bc-8004-a03a649fbe47,Pixope
e84d1f6c-c137-4116-8228-871d61520e8b,Npath
786bd9f8-3f68-4810-8413-9ada72add90f,Omba
c4b7aec3-fc82-4ddf-8fee-664ce7a7a971,Edgeblab
5195e021-dce7-4062-bed3-2cb06e90350d,Camimbo
3f81f403-6955-40e5-a8a5-4b25c27143db,Yabox
888b2382-742f-4c1c-bfcd-b2cf050eb8db,Photospace
6327119a-8336-4081-b245-744cabae7fe7,Roodel
236e25ba-ddcb-4bb7-be4a-7000504af8ad,Aimbu
6bd12375-0cbf-49ea-9ce0-c0be1c7f4efb,Cogidoo
9d869b74-3e9e-46ad-9da0-a654db406733,Jatri
1acffd81-d4b0-4a2e-b16e-4ac15060273e,Gigabox
01ee63a4-bec4-4064-8ff9-5ac00966eb3c,Wordware
e210ad49-856a-4de9-8ed8-625028178842,Photolist
59aabd9b-a826-43e4-8fb5-7a6f9e7b3456,Buzzster
8eb7104e-3566-43d1-993b-35aa2c2eadec,Realcube
b6d5f151-f4aa-4fee-9b67-8804786b2ecd,Eimbee
bac0a570-eeb1-4617-9e12-24e5d7dfa9a7,Chatterbridge
d5ff3672-7015-449c-a028-259c388bf661,Zava
6760ac6a-5b6f-4ef3-bfa1-466e3a04a323,Yakidoo
d003dddd-bd35-4659-8791-2eea5ad1b1f8,Topicstorm
36a02c42-7655-4a6d-ab27-a453dd68eef1,Gabcube
79491494-26aa-4454-9be7-c777f01100de,Realpoint
392eef87-8ab1-4055-bbdb-5dee7304606c,Kwilith
1a4e0349-2589-4cea-9900-2b1bff797e5d,Tekfly
16403541-d709-4a01-a038-37421b6ccb51,Lajo
b939b219-1bf0-4eb7-829a-8ddcce9258c3,Twinte
d11a0298-6e04-4d09-a0fb-5b814da96db5,Cogidoo
294f7dff-3964-4e37-ae60-02c6ae0b3032,Topicware
8277670b-3903-4690-9aa3-9d67594519ca,Jabbersphere
229802e2-44b2-4da7-b8fc-5a7ad1eeabcf,Livepath
e1aa9b90-b989-4b30-a945-a1272cac0505,Minyx
3685ef32-f086-4c68-a38d-0fa9319bcd87,Feedmix
b75dfe8a-5838-4a85-8dc3-dad3c272d9ae,Jetpulse
c46e3f24-d1ba-42de-b7c1-24337ea6931f,Feedfish
8921c491-e2c4-4ac7-ac45-2b11c1a0197b,Wikibox
b5cfa5fb-4dfb-4d6b-bcc8-654ee306a4a0,Fivebridge
6ed5cea6-59e4-426c-b964-3972e49c3be4,Skyvu
77bfa30e-fdf7-4be2-96cb-165c8aa3ef45,Omba
1497d11b-e5db-4d65-8db7-491dd6592a90,Jetwire
a43acef9-1a1b-420f-b498-eef00d28d3cd,Skipstorm
b750300a-82a4-41fe-9eb2-fc085915efd5,Brightbean
a8f4cae4-927b-4829-92b3-2215ac65be46,Zooveo
30cf0c48-7122-454c-a141-35ed9abc470a,Yamia
052fd2e6-cfd5-48cb-89ed-f53632a467fb,Voomm
518b1eac-2207-474f-9626-a276fd263f3e,Thoughtbeat
37cdbb83-80d5-41ad-b4a4-95f989dd8241,Skinte
4caee275-f423-40d6-88ea-068d61b02e4f,Mycat
085ed730-4634-489b-a968-45318491c600,Eayo
d0024c8a-f01c-424b-96f5-5f67a5d60b52,Einti
82586a13-2bae-4089-bc98-cf3573999858,Vinder
6c9c4895-8937-4836-a30e-53061a72e365,Cogilith
97563176-d11a-4978-876a-c6ac931611d2,Tagtune
dccca3c0-f5d6-4180-9d51-fe736b6d5f33,Plajo
37aca9e3-b1fc-4ec8-8773-152fdf40f9b1,Buzzshare
b0ad6a4f-ef49-4d64-91dc-5e324049dfd1,Centimia
0dca4a3c-8dbe-47b6-8a10-b1b4ddacc7bf,Skyvu
4c94c7a9-797b-43ea-944f-e8fe5ac58763,Kamba
338869df-3a49-4ca7-af7c-d26ecad21c98,Quire
b0e29acf-9d47-4b24-8311-5da2bee2b47a,Gabspot
edaa8028-1b05-4b51-ad5a-634de382e708,Rhycero
7f23d930-0c19-47a7-9aeb-110e4af9bb54,Vipe
036b87de-6454-4fbd-9391-1e524b985d99,Skinder
7976185d-4347-424d-860e-1cbc05dd19b5,Ntags
343c757d-0890-4c49-8e32-a1e6acccd3f3,Browsezoom
60f5308e-e8ef-4e44-ab9e-8560f0a86a58,Roombo
477ddf82-1a07-46a1-901f-cdc11c6c99c8,Dabfeed
84d73b37-f8e9-4612-af09-ae1aeb7cfa36,Youspan
63915d3e-3d8e-4537-825a-9d3ede983327,Meetz
6b274386-4e42-4a84-80d9-6a96cac48646,Twitternation
b8668f86-c188-4378-9e83-b32838875af0,Edgepulse
b4012301-3684-4f51-851a-fb64d235f68a,Twitterlist
d28c1e39-4c00-4790-abeb-d112440b0508,Realmix
996206ea-25e1-4c87-aba6-cf7949b81c75,Meembee
bba55dcd-4135-4c04-9b2f-faf29ca8e8f1,Wordpedia
49f88ec5-382b-4c6e-a3d3-d964eab5112f,Jaxbean
8f5f11a9-88c1-47d0-a5b4-501a4879fffe,Voonyx
90b3b5bf-bcb7-457a-9c83-3155829d6589,Tagfeed
a10a5294-d9ad-4d19-b203-bdc049ac0142,Chatterbridge
ca8daf35-423c-43fc-b959-5a9c8313956f,Browseblab
2fb2b4e9-9348-48b5-9b32-5c6cff4087f2,Realpoint
fac58614-4eb8-4dd4-bff6-1548d86db7f9,Lajo
eb1a2f25-fb03-40e2-b53f-215fef02938b,Topiczoom
003c90b1-4c78-47ca-ae60-50580ce624df,Fadeo
f73fbe1b-af44-442c-bd1c-7b620976c62a,Tagchat
a93c7ed9-fc3f-46cc-b12d-0c737a96149a,Flashdog
ef4f70b4-c87c-4bc2-892a-32e0a4ec49c1,Quimba
00e9fbdf-b4cb-485a-a6f3-c230b22bed52,Camimbo
7db3dff0-4615-454f-89d9-813598801ade,Leenti
9d03fdcc-dd00-4553-bbf9-aa19eaf51ebf,Oyoba
bfcc97fc-fbfc-4b7c-9800-9b9aba8ef813,Jabberstorm
20f18777-fb09-424b-9243-a9299ea8ac2f,Tazzy
547f417a-c53a-409c-9611-fed1d6db0fbd,Jabberbean
372b577c-e80f-4927-b5c7-fe8b2a3e12f8,Npath
570066e0-d927-461b-bb23-d49321ed8862,Edgewire
b529e2c3-ace6-4470-91ce-02a0b9cccfb5,Oozz
9e322034-78d8-41ee-96cb-5167e0cfa263,Jabbertype
0c856ffc-2917-4295-96fc-5ec9c8d8881e,Brightbean
8cbbc8a0-542c-48bb-b6ff-bb36584d1627,Reallinks
0a35cb00-53a4-4b0f-a675-f00e3d48748f,Tagopia
304a756d-d0ce-42ab-9631-25dbdd45d873,Buzzbean
377c83f9-4d2b-42b1-b6a2-e57f77702852,Tazz
af5e6e46-862c-42f0-988c-547b6ec85df0,Youbridge
1e378250-c0d1-4609-aabb-e78ac64fc031,Skyba
ac286da3-7790-4cc2-a69e-6499e85ae6b7,Jabberbean
23e786ce-5d6d-4aba-bcbc-e456cc3738a8,Roodel
30bb404f-bcc2-4ec0-a496-23f3cb4094de,Yozio
cbf54cea-5cc7-4fb2-9e54-fd86ab362ead,Youtags
d309ec72-442e-4d83-8b2e-2634019d9758,Kwilith
7c39ffb0-3a2d-4acd-859c-33c68014a0da,Ozu
f68708b3-8170-43f7-b538-9b453a4f4bd4,Skyndu
5190f18c-6a1d-45e0-b09a-c85444f7de43,Kazu
f159ecd1-5501-4a48-9fcd-8fb49bef837c,Fatz
a5eacdbf-a749-40f8-8219-b4508ad25f7e,Fanoodle
0a30369a-7149-45c2-9a72-890d78e7ee30,Babbleopia
2d776bf5-e000-4215-8a94-866a662999b9,Brainsphere
9e4e7a3d-cfc9-4f97-a2eb-54afa001240c,Quatz
fb1510f1-91ed-471e-ae72-d91b9db39d05,Flipstorm
e18a98dd-b846-4f2b-9722-67da73667f78,Camimbo
542bcbf9-ce75-486c-8b9c-877103c9b10d,Rhynyx
ff9ece82-0eb0-463b-b58c-ab392bcbac62,Mydeo
ef8fdb82-7b02-4cbc-8dd7-1679c25b73ac,Cogilith
793e7c15-a487-4bf6-9564-06ac5896156b,Eamia
83d9afa9-0cee-444c-a78f-23457186642f,Avamm
551438fa-cfc6-4189-af9c-78fa72d837b2,Gabtune
e2245446-322a-4cd2-9f96-1f30af782c5c,Yamia
7991dca4-ed32-4678-baa1-bfdacc63ebc0,Meevee
179aa27b-809f-4f12-874f-6f0884695837,Jaxworks
9891114e-ac8a-4142-9ffb-902b056826cc,Gabtype
3ab45bb4-39a2-40a7-9454-d45f2813af8d,Skaboo
065a2dcc-6a93-4010-b415-11183e3c662a,Eare
a9921b2f-cf4e-48d3-aa42-62793372eaec,Tekfly
13d27e2c-4caf-424e-99c4-b966ccfb6f94,Yodo
33970b23-9c55-41a2-a225-456e4bd1a352,Jaloo
ee6fea31-4acf-4b1f-9ff4-c13270df14f4,Realcube
6c748210-d3b0-4b67-ae15-39e7f60c6124,Rhyzio
623d494e-8380-49ee-94b1-a6875ebd8021,Babbleblab
467345af-2314-4dfd-9865-46034d476172,Izio
4d196a07-641e-423f-89d2-87a608def605,Linktype
2eeae868-501a-4f88-9211-5e3ef7b00933,Tanoodle
834f4b69-670c-4b17-9223-18e61009e660,Realbridge
9683cdd8-85be-4481-9b63-b8babc08e427,Voomm
06070878-f33d-4dde-a0d9-ea5414fe90a9,Livepath
8adcb449-f51a-4bee-98bc-f3c5474f53a6,Leexo
ffaadc64-54ac-4cb1-8d04-e2c336022fe1,Browsebug
763ee6b2-a5a2-4fb6-a349-33b123bf036f,Avamm
aa4a9d2f-59ec-4dce-a463-967da0d7854f,Leexo
e6037dd8-cd70-4b21-91e3-f3ae8c95cb33,Demimbu
840941e3-3dc1-4030-86f6-ba46d38a7af5,Avaveo
c12e741b-8419-4dfe-aff1-eed2ebc001e1,Feedmix
443800be-8067-425a-bd09-65370fd32179,Fivebridge
4cc2949d-67f3-49e7-a6e1-4d7d8605555e,Topiclounge
275c388d-06a0-4974-a29c-a99cb4294878,Oba
f46ff0b5-e5fa-4769-9808-8b873ebfea9a,Meezzy
e0697df9-8b44-4889-8274-6c7085cb5eb3,Gigabox
212f3ddd-a143-4b7d-ba9d-949489d6132a,Skinte
1b429742-05f1-46e6-91c0-2972c3bb53da,Aimbu
45011aab-a1bb-4a21-84cc-318f8f6b710e,Flipstorm
4fb4308f-ef87-454b-af67-fe539403f6d4,Yamia
0730eab4-6ce3-4b1c-bfea-90333637efb3,Voolith
4b65e240-8add-45dc-a90b-e7babeed9404,Layo
14dfbd31-082b-49e4-b760-f87a93d25a31,Rhycero
58422e38-974c-4ff3-ba8f-fe146345a1dd,Jaxnation
acc632f3-3d38-416b-8f6c-03655a6721b2,Skippad
8eabb12b-bdc0-402c-a3ad-ba17cf2b164f,Twiyo
308321aa-917b-490d-8dbe-fbfac90ff5d3,Blogspan
a90f5507-4606-456f-8944-d6f00067ddc1,Tazzy
50fbd066-8b68-4a0f-b832-c1a8442bb5c2,Skyndu
d57a0c75-5b21-41b6-99c4-e7930408bdfe,Lazzy
214a5e69-7c3a-41a1-bce9-13eed248e401,Kanoodle
2a5dc189-7fde-403d-b7d9-e14c2705b075,Trudoo
cdbb51ed-3f05-4682-8d00-8b6bcad4284e,Livepath
e47a629c-5304-4e64-a1f8-cceeeb724934,Feedfish
671e4a0c-77bb-45fe-926b-3565ecfb6861,Fatz
fb4aac95-4a27-4182-b080-c6787dbe2117,Brightdog
a18d3022-50a2-45b0-8d03-4992517719d8,Buzzster
1f604ef2-4eb0-46ca-b469-8f3153ade150,Gabtype
7434bf73-977d-475a-9877-bcda601253e1,Flashdog
e0dba0e7-878c-4237-b581-e097306336bb,Nlounge
42aaecaa-c0c5-4359-af0f-85e17ba6804a,Kwimbee
a064a925-0f28-4a87-8989-12846f123ad8,Kimia
c0298d6c-8176-4325-bd93-c04b0863880e,Linkbuzz
eb0b56d2-61de-4bb2-b938-1d4382d98a6c,Mydeo
245fbcd0-c2d8-41cf-85a0-092c69fa51ac,Topiczoom
fac087c0-46a8-4991-bd45-64c1c2ad7c0b,Npath
473f5780-3405-4ec2-a570-a154ca105b36,Eayo
1ff32f0a-adf0-4ba4-9195-a8a7300ee758,Yoveo
202af947-f5cc-49aa-81d0-3dda326acde7,Lajo
04b52834-6615-4709-b9ae-1c8b9b4c7b26,Photospace
0bcf23a8-fe2a-4758-822d-a048546db718,Devify
22a6c96f-bd4b-42c8-b01d-3ecad19a3b80,Buzzshare
6bf4d8c4-bbd6-483b-ba76-6f8676b7877f,Meezzy
a6ef413c-4bd6-4b1e-8626-9f6596e77a1d,Leexo
22931ec5-ae59-4b97-945f-42a8a0f6193f,Skaboo
6f2bda33-81bd-49bb-a18d-51e5f464b5d4,Meembee
b8cb1655-04ed-4ebb-848a-591cde9cd1a8,Mymm
070e80c4-533a-4313-90b1-63d11a993772,Kwimbee
b33292ab-0068-444d-9e29-7a02e19abcd0,Oyoba
e3779916-b428-4f99-928c-4e2b0e3b3409,Realcube
e4d6a00d-5643-41ad-b4cf-464fd0abd794,Oloo
4a26c383-d8ae-49cf-a495-ffd5f2f2e0b8,Thoughtsphere
b3ba5a04-ae03-409e-b153-138bb9996b3b,Avamm
97a50704-3026-4be6-b749-d251e038126f,Gigazoom
295ac7d9-2fdf-4bab-9adc-be2868051cdc,Thoughtstorm
11c8e807-9a3c-4fb3-b203-f00ea6368e61,Skippad
2d525a64-257c-43ed-afd6-de10b89328f2,Quaxo
1d08de33-c5e9-45d3-bc19-7f4a87e44fc3,Eazzy
b42cc01f-531d-412d-9c19-eb87fedd3318,Youfeed
ac01fbf2-83c2-4455-b9f0-2f44c93741e1,Vitz
373f8208-c490-4f93-841d-84c743340f21,Twiyo
9855794d-589e-46d7-9d86-0c3cd67bb0e0,Skilith
f33518ab-725b-46ec-aecc-8d16ae6c38ee,Flashdog
1151883c-12e9-4082-bc2c-16d24376435c,Quinu
09eb009c-7f90-4977-9010-ccbd1f8e3ea9,Topicstorm
0f980c9f-1a7c-42df-ab73-1804c5e04863,Fliptune
984b8067-83d5-4a91-b2c9-95183c97f945,Eire
504e84df-5b84-48c5-b436-7b625f561338,Ainyx
cc23f8a0-d612-4d25-8ddd-97d5e23d096b,Rhynyx
ed71736f-eda1-4955-8b9f-7758ea921b84,Flipstorm
801944e0-e2e5-455b-8900-ddd94dcfea10,Jabberbean
6ee49ab0-bd93-4a89-bfa0-696a5b21b4bc,Zoomlounge
6b5858a2-74b0-4ad1-87a6-2a5181c5e675,Pixonyx
59f70940-9315-4d80-82f9-43b1342e2394,Topdrive
27fb1212-1602-4722-b5aa-525b8626c3a6,Jaxbean
8157ff1b-a96f-402e-bb72-3b94670facc5,Youbridge
3494c09f-8a44-46ec-bd04-c7a17874fd46,Jaxworks
00397922-7679-4cbd-82d3-7afcf0654e99,Lajo
c3db9057-a860-4832-889c-bdf3c2a60b44,Skiptube
73e0c267-fb62-4494-9b2e-fdabddf1e17e,Vinte
238eb02a-00a8-4896-ae02-0fe93a3a67c6,Jatri
39a1b03c-86c9-45f4-bdc8-0b90be7997ab,Twinder
9adbbcfd-f70d-4c48-890e-6cbd33d2a29a,Jazzy
0741da5f-e3d1-4c68-bf70-d4bdff89928d,Lajo
64b80e8a-b8a8-464c-9433-e72a93883bfe,Layo
f62c1ab1-37e2-4e01-a5af-1f614576284d,Browsedrive
745ad032-7df2-4c24-a03e-78b8c424fc6a,Realpoint
ebd75ca7-1fdc-4854-bbe0-0dd82f3ac95a,Bluezoom
bcdb2f93-c134-4e2c-ba7c-2439d7465e2e,Vipe
8353c314-c1bd-404f-b959-67324e4d0386,Browsezoom
c1e93f9e-2a00-4ef0-9449-103fc5abca4d,Fiveclub
04109de5-9968-4f06-9e20-dcba7d24ba49,Janyx
94148292-50f8-42e4-bb80-e92d4532a64e,Aivee
e50da66c-6ebc-4d18-91c9-cdccd2344b5b,Twitterwire
c9201bb5-29c8-4182-936a-cdbff9e8cbd8,Livetube
7e01b0f2-04ea-4df2-9e07-714e0031cefd,Twimm
63fdf0d3-4649-4b89-ac81-6277451032fc,Buzzster
e25d2a3c-a258-4f57-b84f-1eb2f884d149,Fivebridge
a115d9fd-8e63-4b42-a917-f8a02dde584a,Fadeo
2892b182-d4b9-4611-8a68-930881c3f100,Avamba
961a1d48-2fa3-4784-9d26-831de62fd589,Layo
523e5769-8750-419b-9085-c8fe54202ebf,Kimia
cb91a8a6-91ac-4f26-a4a0-c6d100fc5df3,Gigabox
322d10d4-08b7-49a7-be73-66dc9aeb6d20,Tazz
0db12b28-c33b-4844-91e9-17143c4b87ee,Twitternation
dc84710e-991d-4771-a205-6d1843806ed6,Yabox
779724d5-1b98-4293-9dd4-f5c1b99207c2,Miboo
5789ba5c-116d-4c5c-8cea-8af5f15bd059,Realcube
7bf22e8c-d6fe-4011-83be-aa429d58f99f,Wordify
