ID,FirstName,LastName,Email,PhoneNumber
d2c58b98-aca2-4e8f-8372-20e4c320774a,Renata,Benoi,rbenoi0@i2i.jp,7073955230
eb3172ac-3628-4fdc-8c7c-b37127579636,Scarlett,Acreman,sacreman1@upenn.edu,6625099478
23d3a05f-8ded-475e-98c9-34eef1ba02ac,Archibold,Bartram,abartram2@noaa.gov,8309198787
75abb533-5c2d-4ed5-aeaf-5da00844b2a1,Margalo,Orta,morta3@gnu.org,9558156314
450611ed-142f-4e2a-a021-28d1dfa3212f,Viviene,Piaggia,vpiaggia4@so-net.ne.jp,8269471877
13225ad8-cf20-4c58-a467-5739f4c2f149,Ailey,Doudny,adoudny5@economist.com,6978220145
83c86832-b7ec-45a9-9033-8b47502d9686,Hedi,Hurtado,hhurtado6@google.com,1272097575
8f32e6b4-c5cd-42f5-bd26-6f5c62fe0012,Donn,Labrow,dlabrow7@friendfeed.com,7857997299
1f5520ee-4e8c-45b3-889f-48f09590f836,Merle,Pugh,mpugh8@forbes.com,9951214919
b8a6150e-40b1-46a7-bc42-c63053aba1a9,Joshia,Bound,jbound9@seesaa.net,9414997494
4135f005-4185-43b9-9e09-e22866e1bf7b,Dore,Meneux,dmeneuxa@reverbnation.com,7992737678
9deeb872-391d-4f5d-8ef5-e3ce2af461c8,Lita,Durtnall,ldurtnallb@amazon.de,9009709055
0bf78121-3f9a-426b-9cac-ba7dfea1f636,Lilli,Welland,lwellandc@4shared.com,1351709194
48ee3dbb-dc83-4e69-ab08-aa54ddd12cfc,Marris,Kenwright,mkenwrightd@booking.com,8268607685
57c55b5c-ae08-4e0f-9338-587a77dc6298,Morton,Phillcox,mphillcoxe@upenn.edu,8865502932
c2c21e67-b75a-43b8-afb1-44b12840c342,Bernice,Haizelden,bhaizeldenf@vinaora.com,1504256922
a04d71a6-dff7-4a61-99e1-b40971791dc4,Cesare,Cleyne,ccleyneg@pen.io,1708048231
efdf1b58-a950-4288-9003-25cf21f435ee,Ronna,Dobbin,rdobbinh@wunderground.com,1117533202
31f7dd23-f82e-42b8-a499-c0bc479f9ada,Trescha,Loveguard,tloveguardi@alibaba.com,4205839697
97858a5b-d615-4478-ad33-62a379560aaa,Chad,Clementi,cclementij@intel.com,4227711250
24c166df-a93d-4666-804e-2cd9f1755f86,Berty,Riden,bridenk@ucoz.ru,2744927471
3755d893-1b38-4bc4-9a5e-761db8c3a204,Ernst,Luebbert,eluebbertl@dropbox.com,8548031408
e1f4f079-4c53-4831-a951-009480aea985,Alisha,Leppington,aleppingtonm@themeforest.net,3696300540
9468226f-c100-4d8b-bc4a-04c1e8aaa5c1,Timmy,Wesley,twesleyn@cyberchimps.com,6991455136
453a8c9e-bf98-43cc-afc1-defb76826be0,Gwendolin,Minkin,gminkino@unesco.org,1863994357
2350f021-a4c8-4f85-adc2-e0cf891f931e,Toddy,Adamo,tadamop@state.gov,8977383080
6d94b974-164e-41c5-9ea8-996052c46444,Cherice,Paddon,cpaddonq@archive.org,7076112816
05b84dff-4c6f-4e77-bd47-48055d3844e6,Willem,Witnall,wwitnallr@soup.io,4066307022
d5a1156b-b5b2-4307-b274-2b4210ed3759,Kendre,Bagguley,kbagguleys@example.com,2748313623
acb3ebf9-bd1a-4724-bc83-3e79fcd257b4,Hewitt,Dyerson,hdyersont@virginia.edu,8694210579
1cc1975a-4f76-4a7f-ad06-f779dd30952f,Nathanil,McAless,nmcalessu@google.fr,3936892449
4919060c-93ab-47f6-aec0-b9c6b89ecda5,Vernor,Bennoe,vbennoev@gravatar.com,9218503598
3469f1e4-da3e-4c44-9668-63589d48c701,Ilario,Brewer,ibrewerw@nytimes.com,3708838666
b4925e26-490b-462c-8fae-0f11dcb81250,Lorelle,Brame,lbramex@exblog.jp,5695989802
16004e59-0c0d-4ddc-a6a5-b1cf84e5ae17,Linet,Blewis,lblewisy@zdnet.com,8147710407
4e328893-4a1f-4d40-8cf1-3ad65762e348,Husain,Fickling,hficklingz@cdbaby.com,2284490073
e01bc10a-d673-4b1e-91a4-b43aec3a6bf1,Upton,Wackett,uwackett10@mlb.com,7527099533
75098fb3-2940-4dc7-aa9b-f362b5597baf,Mirabella,Buckam,mbuckam11@npr.org,4091030279
d7a40885-8229-410e-9591-ff5f555a4c21,Kitti,Houselee,khouselee12@sitemeter.com,5016878905
e8e6106d-4474-4028-808c-d4141223b3af,Cal,St Quenin,cstquenin13@home.pl,2402206103
e11b221b-4ae7-43d9-ae02-a10a989f85f2,Eadie,Davidove,edavidove14@soup.io,3737181204
fa7aa651-7b76-4d7e-b1db-fbffc7f1cab8,Katrine,Spillett,kspillett15@illinois.edu,7517174461
9cbeb5b9-0169-4b51-abb1-fe983b719a01,Eartha,Ellick,eellick16@who.int,2395783415
6d4b92f8-951a-46f9-959c-c1c5a639f903,Christy,Fetherstan,cfetherstan17@bbc.co.uk,7294315310
64e22374-cbad-4203-aec8-d7a093ff3c54,Patsy,Stranger,pstranger18@goodreads.com,3352990682
8202b138-e8ff-4952-9803-7323a3c3b9d5,Ezechiel,Mityashev,emityashev19@icio.us,4742320544
1ee035ec-89d9-4665-b2b3-4622a44373bb,Filmer,Dursley,fdursley1a@barnesandnoble.com,5238994963
852cea46-1cdd-4ed1-8af7-23d4b5b00ed0,Reilly,O'Dooghaine,rodooghaine1b@merriam-webster.com,4585561982
1ee546a5-e182-44fe-a9ad-439ad0505d85,Heath,Brunker,hbrunker1c@uiuc.edu,7971336585
6eb7e78d-259f-439c-a908-b170caa2f3ee,Drucy,Burnham,dburnham1d@dailymail.co.uk,8476466554
981bfa42-b0cb-4e07-934a-d2c43d964074,Olly,Brewerton,obrewerton1e@parallels.com,6799210689
4824d660-c111-4cf7-b2ca-58b45ed05aff,Raphaela,Quiddihy,rquiddihy1f@exblog.jp,6496020668
845ca1c5-441c-477b-90e2-652a84c2d119,Barbaraanne,Pandya,bpandya1g@so-net.ne.jp,6015460578
b7cb5cb9-a9b8-4cd5-a5b8-f0b2d8ff7bb5,Bentley,Winthrop,bwinthrop1h@eepurl.com,1114821963
445a8a2c-4dff-40d7-bb5d-9eb52ea8df69,Darill,Kenelin,dkenelin1i@usa.gov,4529748135
e06e7511-7077-4047-9ff1-ccd314bcdf90,Mareah,Lippett,mlippett1j@acquirethisname.com,6285112447
6fe69680-8cf0-4dc9-b24d-1d07070929c2,Cesar,Skipton,cskipton1k@weebly.com,4742676915
262e754c-46f2-4315-95cf-acb1179aedca,Grantley,MacAscaidh,gmacascaidh1l@wsj.com,2344030268
8497f385-8b4d-4582-862c-ae19d06d1a59,Hadria,Clevely,hclevely1m@nifty.com,5247398579
d235b0d1-3c6f-4634-9b3d-95d0e80d1285,Leta,Spadeck,lspadeck1n@cpanel.net,6851098650
6ec0bc43-2660-49c4-8005-b5c13140a43a,Sallyann,Shane,sshane1o@imgur.com,6659145116
1a2fd16f-ebba-4608-827e-1330185332fe,Netta,Reast,nreast1p@geocities.jp,2746301215
3de95c25-e643-494a-8855-6d4ddc943760,Elna,Everley,eeverley1q@usda.gov,7894475310
af581e86-68f2-4fb1-a24e-97850a952d25,Barr,Van Arsdalen,bvanarsdalen1r@berkeley.edu,9799242076
d8a256a4-7585-442a-816d-91045857bd98,Ruthie,FitzAlan,rfitzalan1s@whitehouse.gov,5093454866
9c3fc15d-4687-4efe-b489-bf50e6b4cf67,Augustin,Pavlata,apavlata1t@dell.com,6181270266
a668296d-f60b-43f3-824c-0dd2c3974b7d,Charlie,Ryce,cryce1u@netvibes.com,8998847065
78ea2747-ddd8-400e-a67e-e2b10bc364d6,Ric,Lewis,rlewis1v@accuweather.com,4942056572
8f39d883-286c-40dc-bcd8-132f114f6507,Zitella,Tewkesbury,ztewkesbury1w@dropbox.com,5452425478
2ea9817d-27b5-4168-ad9c-618eb4d66d5f,Coralyn,Crewes,ccrewes1x@constantcontact.com,1066947890
d9f8e5c2-8b28-464e-a531-a17378d025e2,Romona,Yaus,ryaus1y@jalbum.net,9205297983
9b74d1de-22d7-4c93-86ed-9b7883a2da67,Sigismund,Arnaudot,sarnaudot1z@behance.net,6565763063
66313926-d4b1-4fa7-944a-870cc384686b,Bryn,Francesconi,bfrancesconi20@acquirethisname.com,6086845646
e9628205-d222-4dcb-91b0-175aa3bc8704,Prudence,Stacey,pstacey21@gravatar.com,6154072744
35442d85-d65b-4b2e-aae8-c33bf61d5ff8,Romola,Linney,rlinney22@bandcamp.com,5201352524
78f4b16d-0661-4e32-939a-6bce7f56991a,Lauralee,Mayhew,lmayhew23@goodreads.com,8759130815
9541d165-ecb1-493a-ba32-c541a78dd0e4,Kelbee,Bernardin,kbernardin24@yahoo.co.jp,2934956450
9b10c48d-285e-4b83-80b7-572c7851d174,Tailor,Reihm,treihm25@vkontakte.ru,3464108953
05f9bdf6-131e-4957-ac36-43679bb11519,Aldus,Harrold,aharrold26@wp.com,3474007531
5e12e019-1616-4b15-bdb2-e4a2d0b4210e,Marlane,Oldam,moldam27@example.com,7213870199
0c6e6b75-568b-415d-8122-c8d498c50981,Lynnette,Skerman,lskerman28@jimdo.com,9334484165
020e7b7c-0298-447d-ac9d-784c578aaf38,Illa,Blowne,iblowne29@vk.com,8009154876
b2c935ca-4976-4245-a99c-2517d73ff9f8,Sybila,Pallaske,spallaske2a@admin.ch,8085829976
c2b3391e-c016-4b4d-9a2f-f0d7695e1d75,Antonino,Sarson,asarson2b@smugmug.com,6996201796
65b54394-c62e-4a75-9a37-5f90cec1739f,Rudolfo,Mathevet,rmathevet2c@stanford.edu,9633774543
6ef4ae79-3e5b-42ca-a5e9-50dc29efc940,Baird,Mantrip,bmantrip2d@npr.org,2404750339
37c37d9d-38e4-4a6f-9eec-bef477dfd5fe,Verina,Cossans,vcossans2e@house.gov,4804005550
470f70eb-6f29-418c-90ef-b2ce9ef311ab,Robert,Cornell,rcornell2f@hubpages.com,1058982634
57772604-59af-4d45-8fb3-16c182d2cc93,Morty,Blais,mblais2g@parallels.com,8146449097
f8f75966-05f9-4fd7-ad19-18e6f376e39b,Meg,Batter,mbatter2h@indiegogo.com,4812787514
641251b3-8cab-434d-91dc-3761a942aca4,Lauraine,Nuth,lnuth2i@walmart.com,9545912315
a18d9478-40bb-4542-93ab-b35ba6a63e7a,Wiatt,Lyddy,wlyddy2j@bloomberg.com,9922782663
16ba1f74-fed0-4e6e-a992-dcbea8707f56,Ewen,Dwyr,edwyr2k@unblog.fr,1633917277
72c2827e-d076-40c8-9675-ad8614985128,Fairlie,O'Garmen,fogarmen2l@chicagotribune.com,9707546223
a19c62c9-4305-46eb-83b7-4fb6a2904bce,Norah,Castillon,ncastillon2m@t-online.de,1927709044
6477dde6-8119-40a3-a163-810a5572238f,Wilmar,Aldwich,waldwich2n@aol.com,1314911999
02d4607f-7077-4c02-9270-7c6120b26176,Colin,Dofty,cdofty2o@ycombinator.com,9817227906
f49adaac-389e-4d25-886c-597b79c5450a,Willabella,Naton,wnaton2p@sphinn.com,5644374584
41dd9137-23bc-4452-8bc8-d832332cd27e,Dorette,Quigg,dquigg2q@boston.com,7812763587
add6b668-58c8-4754-8a39-4b1d490fb1d9,Baudoin,Wybrew,bwybrew2r@edublogs.org,9787749655
cfb38d26-ea60-4f38-8114-28011a6be469,Trixi,Clawsley,tclawsley2s@hao123.com,2111826399
b3861ced-efc7-400d-8539-33ac1a5abe55,Joel,Ibanez,jibanez2t@meetup.com,2008815206
aa63a698-5a1c-4cdc-8abe-4dc2ab8d3af2,Ardis,Georgescu,ageorgescu2u@forbes.com,6918359979
fa6c4ce1-5821-4405-91a9-bc443cd11316,Effie,Shelton,eshelton2v@wsj.com,5154009089
1b69692f-33df-4428-a1b8-954a713894ee,Ferne,Furby,ffurby2w@php.net,5421400572
f21bc75b-2b39-4987-b708-0085a6050b32,Kristo,Breydin,kbreydin2x@discovery.com,3701187514
e807f723-2281-4f46-8959-ef57be28e1d4,Goldina,Spittle,gspittle2y@sciencedaily.com,6423433400
f664f41b-3a7c-4de6-a3ea-b7c9299cfcb3,Worden,Mandell,wmandell2z@theguardian.com,3883584586
0aa7071c-d84c-4460-903d-c39c47467b12,Diena,Daud,ddaud30@slideshare.net,3513999636
ac5cc1f7-122d-478e-979b-9a8ec8f03adc,Aile,Cornill,acornill31@4shared.com,2447260668
360cc827-a90d-40ab-aa9f-a6a6acf38141,Hercule,Delleschi,hdelleschi32@ucsd.edu,9897216587
70633e78-fe9d-4023-bb78-dd7a68fbc9b0,Addi,Pursey,apursey33@soup.io,1884455721
4659badb-ac54-4c6f-8031-132de760e8c3,Margy,Goady,mgoady34@so-net.ne.jp,3093424911
60babe84-835d-432e-8fd1-c383f1349a79,Claude,Chad,cchad35@netscape.com,2488352198
8d38f451-7aec-4a44-b732-de6e27b4270d,Jecho,Kassel,jkassel36@hatena.ne.jp,5631932759
92f6e1e0-e1d4-4a2c-9b0d-d0bee6800aa5,Michele,McCraine,mmccraine37@examiner.com,1859025079
62de679f-eb46-4a95-847e-424c1317f6d6,Missie,Verbruggen,mverbruggen38@ibm.com,8524573582
1b0ecfa3-6343-466f-9669-12158397bbfe,Rodi,Barnewell,rbarnewell39@dell.com,8752218957
af3fdc7f-7587-4422-928c-193d003e48d4,Angelica,Saul,asaul3a@google.it,5129014289
42e66156-e80c-433b-a5e0-24f47367b335,Kandy,Burdekin,kburdekin3b@freewebs.com,3044874726
bbb93234-ace8-4ec7-845f-b646d54aaa43,Teresita,Challen,tchallen3c@scribd.com,6423953172
e8371cf6-be7c-4994-bb2f-5c419496a583,Tatiania,Maliphant,tmaliphant3d@github.io,1004595329
15fae45b-7a1a-4297-b2a8-9fafee376586,Brigg,Kiellor,bkiellor3e@admin.ch,7496491134
82a1793b-a277-4fdd-b591-ea5b93d3db80,Brit,Cowburn,bcowburn3f@amazonaws.com,1865688138
357d0e87-51e1-4ffd-b16f-019ac88361ae,Guss,Hudspith,ghudspith3g@cbslocal.com,8171205722
d9ab7921-34f9-4f0c-9a8c-3adc9f645561,Dore,Ford,dford3h@shareasale.com,4439401516
264be616-1956-4ad7-b2b5-f6dd0a0da5cd,Janelle,Angelini,jangelini3i@earthlink.net,1387814695
9850f27a-6a96-4845-aa94-9ff79211c21f,Fabe,Sollis,fsollis3j@unc.edu,2002604474
842a22e1-85d9-4237-8661-133516aea12c,Pen,Wadelin,pwadelin3k@sina.com.cn,7306423519
7e024d3a-9988-4838-a6c0-65e13c8fe586,Tierney,Scotchbrook,tscotchbrook3l@ycombinator.com,9614406910
f435d542-41f4-4ae9-af2e-509e17de9ab5,Alfie,Cicchinelli,acicchinelli3m@cnet.com,6361535110
4fd2a018-b905-4f7c-a767-27bee5ba471b,Tymon,Haliday,thaliday3n@blinklist.com,6218804623
8c8f6eac-5bab-4f96-a5ee-c2d79e818d0c,Shelden,Abramchik,sabramchik3o@surveymonkey.com,8674348113
cb9c4d2b-2dc7-495c-aea4-e0609a21a952,Thaine,Chettle,tchettle3p@twitpic.com,9019206441
f335c8f8-04f7-4d79-9c11-3674d123e902,Madge,Iannello,miannello3q@whitehouse.gov,8382904601
343732f5-5a38-49f0-8fc4-2c540b1d0b53,Zsazsa,Smithson,zsmithson3r@sfgate.com,1266049531
e2b78d96-7044-4754-bd47-0ae39e3c8218,Dorree,Caze,dcaze3s@nydailynews.com,5645296769
344d46b5-468e-4d45-b9f2-bcfa7622d6bc,Ramonda,Burdis,rburdis3t@accuweather.com,7094445413
71e9c181-7057-4e67-ab1d-61918993d665,Frieda,Rookeby,frookeby3u@whitehouse.gov,4338865402
c8446d82-c3ce-434b-a103-c2f4e1ff0d8e,Rand,Claxson,rclaxson3v@diigo.com,3448436894
36b810fd-f2b1-4086-b48e-d07f28395e96,Clywd,Hurling,churling3w@tripod.com,3914175879
67d88d59-0bec-4ec7-b27c-a98921f07a30,Amye,Cheater,acheater3x@usgs.gov,6176016664
317c100e-2f0e-4aab-99a8-266f0b3f9567,Quintilla,Damrel,qdamrel3y@thetimes.co.uk,5741891521
75ef390e-adb2-4e28-aaea-bfebbdbb7f26,Frederique,Zielinski,fzielinski3z@joomla.org,9772918899
0f2000f6-3452-40f2-a84d-41374fe0b78a,Celia,Mapother,cmapother40@uol.com.br,2116642029
9ff5f82d-2d1f-4bf7-b51b-21bc432ba9fb,Irma,Immings,iimmings41@ehow.com,7444681413
4298bd7a-8224-4a0d-b18d-62930426e442,Natty,Danielou,ndanielou42@webmd.com,9534967667
d030a7c4-33ad-4ae2-8b32-c57877a5f245,Wilton,Derry,wderry43@narod.ru,4458009578
5aa6eb14-8419-4dc9-bc0e-5bfc4ec01b24,Micky,Wheelton,mwheelton44@yale.edu,8437737717
b3a084f6-231a-409f-8a59-3e571666d921,Leanora,Raddan,lraddan45@newsvine.com,8663252744
7dec88e7-3b84-4488-8009-7250751cd282,Rebecca,Harrower,rharrower46@clickbank.net,2615767821
472a3994-e9c3-44a5-963f-61b452a77ac0,Sampson,Capstake,scapstake47@yahoo.com,4375762521
ef3ef803-52cd-4cb2-9b0d-db85640758a0,Shandeigh,Swatheridge,sswatheridge48@latimes.com,6111499418
eab1b449-be4d-4794-81e9-7b585b6457b5,Aloysius,Brando,abrando49@patch.com,7568699958
2d2814b9-b01d-4c4d-b65f-e2437a36fc7e,Charlie,Cazalet,ccazalet4a@wufoo.com,6212450308
bd45319c-15fb-4f31-a5e0-81c7d1f09de7,Bondon,Magne,bmagne4b@google.co.uk,2123978986
f969b884-3dda-42f4-b972-f3838666e80b,Julia,Clemerson,jclemerson4c@examiner.com,8128115826
6ed5991d-8262-4c97-ac91-248367294063,Alberto,Ortell,aortell4d@woothemes.com,4026864529
bae8589a-d3b3-42c1-b859-62e9c32d09ef,North,Konrad,nkonrad4e@businesswire.com,6328717001
185685ee-b2da-484f-b35f-066efd3db40e,Clemmy,Edlyne,cedlyne4f@wp.com,5277386910
11d4c633-a43d-45c7-aa7f-99163c6ec4ab,Frank,Eton,feton4g@yolasite.com,5791123673
f9c9451c-f6b6-4d08-87ae-e8bf539bf295,Locke,Gladeche,lgladeche4h@chronoengine.com,8844975936
4e192d52-5943-4c2d-8206-59157f3af429,Joellyn,Edgerley,jedgerley4i@scientificamerican.com,9448863289
ea76c2d8-6b9d-4a38-b0bd-6f9971657030,Rebecca,Bagger,rbagger4j@zdnet.com,3223936151
97ed5f3c-3db1-4636-902e-bcd396abb795,Rudy,Seabon,rseabon4k@berkeley.edu,2617769039
eae2c3f9-320e-4488-ad3c-b8e58d9da99a,Vera,Rigeby,vrigeby4l@yolasite.com,7606424391
f87843a3-cb42-4f08-b5f4-a211876cbb95,Jean,Buscombe,jbuscombe4m@twitpic.com,3549146672
f7b9fa58-353f-4e50-a8d1-77566fe4606b,Chrysa,Kiellor,ckiellor4n@xing.com,7903397222
e68b8428-e9ea-4ff2-a72e-9b20f88fa55e,Ermin,Mebes,emebes4o@sciencedirect.com,2315942325
57fd4024-f6c1-4854-bfaf-373071e0b9b8,Bartholemy,Garralts,bgarralts4p@is.gd,4358120763
95771dbe-edb0-4c0f-91a1-749352b52af9,Zaneta,Coomer,zcoomer4q@samsung.com,2807786922
80e5a674-0172-4cac-a6b7-c309817af873,Alfy,Lawden,alawden4r@networksolutions.com,7067995717
6a6a3cc8-c8eb-429e-bea9-c5a42cc20122,Desmund,Lippitt,dlippitt4s@yale.edu,5128120274
a7f090f9-dab3-47c2-85d9-89677b895737,Ceciley,Klainman,cklainman4t@state.tx.us,8851375572
86cff3df-2df9-4b71-9a3a-06a8513a0f3d,Leslie,Clemendot,lclemendot4u@prweb.com,8401858053
d5eb8e22-cb73-438e-84a3-656d042c034e,Florance,Ahrend,fahrend4v@gmpg.org,9919570349
9aa3980f-4b5e-4105-86f5-432e70fa1a32,Ira,Pariss,ipariss4w@netvibes.com,7509009239
41404b80-09f9-407a-b649-5f3b87f0c4ef,Nadean,Gervaise,ngervaise4x@newsvine.com,5567277651
cc50bb52-3dc5-438a-a427-77988fe3f63a,Ilysa,Serotsky,iserotsky4y@bbc.co.uk,6466228207
81474345-9cf7-4bd1-bec3-546d5c1f8123,Jacqui,Golden of Ireland,jgoldenofireland4z@clickbank.net,1069589245
a22a3b19-aa7a-42e4-bc7c-f2c95ec04483,Jinny,Snar,jsnar50@posterous.com,3309982339
aac85081-cb12-43b8-a23d-7f25e3797ac1,Woodman,Ching,wching51@cafepress.com,6894016764
e0fc4bd2-fa72-4955-909a-ab6ddf9fa188,Madonna,Phelps,mphelps52@wufoo.com,7155169808
aec19154-984c-4c85-a706-074cd023a1c1,Cully,McIlmorie,cmcilmorie53@ebay.com,3422837183
440d0d0f-ca7c-4bd8-a528-cd133d322822,Benjamin,Flahy,bflahy54@deviantart.com,4744143107
eaf80be9-c6fd-466e-a4c7-2ba63bf2b2e9,Twila,Benardette,tbenardette55@wikispaces.com,4658666508
1e632fbd-9e5a-4408-8473-485da7e16ad6,Sholom,Healings,shealings56@imgur.com,2467981967
cbd5459f-9726-451b-afee-241e050abd65,Odo,Ghiotto,oghiotto57@vistaprint.com,4844305940
eeca55a2-c059-4c16-9735-902926409ddf,Jillane,Grimes,jgrimes58@creativecommons.org,5547696750
b3d9588e-46cb-48d2-8dc1-92bea816a71c,Kaine,Mandell,kmandell59@icio.us,6048082492
04c4a7ce-1049-41e2-9885-763ba2171551,Far,Dooney,fdooney5a@msn.com,1404581563
98dd7c55-faa1-4498-a3d0-050edba34f39,Adorne,Buddock,abuddock5b@seattletimes.com,7197028263
c0c5fb98-948c-4866-bbb7-726e7ea7b35c,Andria,Kuschek,akuschek5c@umich.edu,1614431852
83be36a7-526f-4ac0-8274-95b7b9bd9654,Eloisa,Barrell,ebarrell5d@gmpg.org,2526012090
db19b8be-30bc-4533-80f6-189023eece24,Glen,Shetliff,gshetliff5e@nature.com,9984060744
59e0e0df-4e7c-48c0-8229-9f85a5955cb0,Randie,Teaser,rteaser5f@yahoo.co.jp,6933838153
0301b6f7-9d34-440e-9d1c-2b52a8e705a6,Justin,Watchorn,jwatchorn5g@sun.com,4587740127
3d53ad1b-d089-4249-843e-004858a05347,Cahra,Catherall,ccatherall5h@biblegateway.com,3588943253
eba4a720-a0b4-4473-8ecc-4db45812ba3f,Ephrem,Willeman,ewilleman5i@wunderground.com,7822165506
d4c2c580-e505-47a0-be45-5c7581a2629e,Jazmin,Chene,jchene5j@typepad.com,6339386292
f8fa1531-ccc2-48f1-b77f-ee2fe1c0efe7,Andy,Rantoul,arantoul5k@msn.com,9041907627
73c584b5-0074-4fca-9796-9e79c014d977,Codi,Barnaby,cbarnaby5l@amazon.co.uk,7309769101
c0c6c62e-ee31-4a47-9718-cad2d0962d92,Gisela,Samwell,gsamwell5m@geocities.jp,1072823030
e713a0dc-fa80-459f-898f-7ad8c3cdc8e1,Richard,Ackhurst,rackhurst5n@house.gov,2364991116
90af084a-6f3e-4f58-be31-f40d7a8bc78b,Lorenzo,Orhrt,lorhrt5o@is.gd,7439319176
045d0f58-cb32-4243-979d-cda108e782c3,Sabina,Alcoran,salcoran5p@geocities.jp,9954971507
e11e15e4-1a3d-4e92-b1b1-dde298405f36,Colet,Cupitt,ccupitt5q@illinois.edu,1124753265
ab00848e-7c8b-496c-b345-a4ea8c74aaa6,Robbi,Bloomfield,rbloomfield5r@prnewswire.com,3304907128
1f537c5c-40bc-4dfb-a30b-871a9de03434,Julee,Hills,jhills5s@cisco.com,1328618419
144a0c60-efc6-400b-ad1a-ef1832b0519b,Ettore,Kloss,ekloss5t@t.co,8686503199
86fc5376-1560-4f5a-ba26-407e6a55d143,Emmye,Munford,emunford5u@ihg.com,8289188178
580f1d6b-6261-44cf-84ac-35c6c117713f,Nikola,Dominelli,ndominelli5v@ibm.com,9136551591
fea12342-1a89-47fd-b88f-c0b945d1254b,Dacia,Celle,dcelle5w@newsvine.com,8016680248
8c7024ae-318b-4326-b14d-b0f83a64cabb,Any,Booij,abooij5x@newyorker.com,1112204803
9a7a8ff3-a9fc-4852-8767-aa6c9ad0bd57,Renie,Westcot,rwestcot5y@nih.gov,1681485769
59fd5808-35e6-4c19-aaaa-ede99fb9d574,Gene,Bridgen,gbridgen5z@prnewswire.com,8992850734
18f1d0d3-18b5-40ac-9e53-21f78084f9e8,Sada,Dunckley,sdunckley60@vimeo.com,9322300511
beca271b-3f40-42dd-8554-cdf470ede830,Roselia,Earle,rearle61@mit.edu,8515148423
883e9d8d-c7b2-49b6-8c66-9dfb91401143,Brooks,Scane,bscane62@simplemachines.org,9548859161
312b6602-6575-4ffe-8ad0-a61f59aab62b,Garrott,Anthony,ganthony63@opera.com,4126795790
e034cea1-e15e-41ae-b340-397da45d6a49,Hansiain,Hemshall,hhemshall64@reverbnation.com,3804857516
b481df4b-e70f-4321-abef-4e20219914a7,Clo,Dinnage,cdinnage65@qq.com,8637752639
ab0515f0-d11e-45a8-8200-37b52ccf4aa2,Jewel,Hothersall,jhothersall66@pbs.org,2331485801
bc3dff70-dc7b-4a0d-b4d6-e7062cd0369b,Faun,Leggott,fleggott67@google.co.jp,5705416932
fb72220f-b6e7-4fd3-908d-6eca7593fb54,Link,Derell,lderell68@newyorker.com,2137700072
bac131a4-fd06-47b4-95fc-8b2368adac36,Dalli,McReynolds,dmcreynolds69@dedecms.com,2231210166
f8810bfc-c868-4f10-852a-27fdb230f232,Gleda,Goldingay,ggoldingay6a@indiatimes.com,8938874939
2ff73923-bea4-48ba-8f6b-4c23b9b95a1b,Augustine,Block,ablock6b@woothemes.com,1883799916
9b233595-9921-4681-a6e5-6c8e873eff2c,Joyann,Willers,jwillers6c@businesswire.com,9076238303
7e9f461e-f5d1-4725-9699-128a50a9f76c,Guido,Preto,gpreto6d@mtv.com,7383747765
2717de16-9f6f-47df-ab3a-add27dcffa16,Mitchael,Biggs,mbiggs6e@techcrunch.com,7552361619
08b5d5fe-e346-45fd-b6be-53e812e71b6e,Cindra,Griswaite,cgriswaite6f@msn.com,5844795878
4c342e78-cdb2-41e0-b7b4-e8c8dd764814,Granville,Channon,gchannon6g@china.com.cn,8149455109
5b50718c-a2ed-4a29-bbbf-e77fe97eee0e,Ben,Freebury,bfreebury6h@columbia.edu,3142547177
aed04d60-577a-407f-8546-445071aae339,Lorne,Threadgill,lthreadgill6i@myspace.com,2501689804
bdb3601d-aca9-4dfb-a016-c7c19637064b,Wade,Leverton,wleverton6j@google.com.br,2394384097
cba69c07-b53f-4925-a91c-0fa012c3ed6c,Dorolice,Jacquemet,djacquemet6k@acquirethisname.com,1781093470
3c15d7a1-1f34-4a07-b8c3-f4b26c2645bb,Margy,Jennins,mjennins6l@blog.com,7819247514
63f6588b-f7cc-44b9-a08e-417edf77de65,Itch,Berni,iberni6m@dailymotion.com,6536415413
37578b6c-1c74-4869-a3ec-e958510941a7,Chanda,Troy,ctroy6n@businessweek.com,7594184539
78d543cb-3e88-490d-a5a9-8a953d886bf9,Pearl,Marcroft,pmarcroft6o@fotki.com,4571737760
2a6546fd-8827-432b-802f-4309868d4f8c,Brannon,Doveston,bdoveston6p@usnews.com,5234956375
75d6abf6-1989-40bb-9f02-befedd249858,Lea,Koubu,lkoubu6q@trellian.com,3894765182
e7ffa509-8a3d-4035-97d8-cf5b0020645c,Shari,Outridge,soutridge6r@wiley.com,3427562643
45cb69f1-5e37-4159-9e07-5d5a275ed152,Desdemona,Melburg,dmelburg6s@shinystat.com,6508502118
13b6d7ae-c3cf-4f25-8924-238cb88f8fc6,Monah,Loveitt,mloveitt6t@bing.com,6003995082
5c7a22af-e393-4174-8fc9-d4131fe28909,Monti,Bradbrook,mbradbrook6u@ox.ac.uk,2551219310
c13f388c-03c5-4b70-af64-2ea3a277c4b6,Alene,Fullilove,afullilove6v@discuz.net,3125856458
79eab275-8f55-44bc-a286-b315dc2e0b7c,Caitrin,Lushey,clushey6w@samsung.com,8781699437
a03a396b-8acb-4e43-b63e-b1393eec31e4,Salim,Valadez,svaladez6x@webeden.co.uk,1114058756
ada72eef-49b7-4791-ab37-9214b5f4e3e4,Stanislaw,O'Dulchonta,sodulchonta6y@state.gov,1152811160
801c5bbb-4216-49f7-8625-b4a311449d26,Mable,Tatlowe,mtatlowe6z@ft.com,4736190330
b326b2e5-1a4b-4081-8fdd-094cc5540403,Nannie,Lampke,nlampke70@diigo.com,2742925852
698aaf0d-86e2-4700-a74f-a6d2f50786fb,Vernen,Gossop,vgossop71@w3.org,4457925652
24b6fcd8-9050-4f89-b0f9-3d0184884208,Whittaker,Ferriere,wferriere72@skype.com,4106356108
52a2bc27-3549-4214-997d-06c77257183f,Gwenora,Stroder,gstroder73@whitehouse.gov,2859505779
e938f2f9-170e-41fd-8829-ac3f4752bdd7,Shell,Ebden,sebden74@theatlantic.com,8468871059
b1306c8d-090c-4b02-a9ea-a8ed03f63560,Lona,Preedy,lpreedy75@163.com,5527411401
16f3f1a1-ebbe-441d-b5d1-34abc7f0e9c2,Clemens,Cratere,ccratere76@webeden.co.uk,3681819764
daa3fdf2-f69e-4a4c-929d-7431609ff21a,Ruddy,Romei,rromei77@prweb.com,4911715703
b844732c-2768-4437-8476-f73f2fde2dfa,Colver,Bartholat,cbartholat78@eventbrite.com,7994213687
f408b8a3-8a83-40ad-aed7-16a1ebbb4a65,Brigg,Suckling,bsuckling79@uiuc.edu,9499051866
923eb662-4dda-4014-a161-b12cd00e695a,Yurik,Larkkem,ylarkkem7a@sciencedirect.com,1653899922
3ce1270a-b15c-42ac-b90e-d63f05cee23e,Codie,Reichhardt,creichhardt7b@cdbaby.com,3645668505
47f7d7a2-ecb3-4ab1-b2a6-6c719111aced,Son,Rookwell,srookwell7c@prlog.org,7098489525
a556acf1-cc96-4cf1-8409-36b6e1b3dd5e,Bruno,Dedman,bdedman7d@vkontakte.ru,6414230195
94794eed-8f1a-4bd3-b13e-a2f98739254d,Malena,Powlesland,mpowlesland7e@alibaba.com,4293968346
bd4ad011-21f1-4815-bd84-092d819148b5,Wit,Hrinchishin,whrinchishin7f@usnews.com,6696932104
dd0c3679-4ae4-4ebb-b49f-bfd88cba18f9,Horton,Rodolphe,hrodolphe7g@narod.ru,6371676728
b75ff5b0-0032-4e72-bced-a68baa8249de,Miquela,Bownd,mbownd7h@phpbb.com,5204578291
aee61685-2137-4f35-b726-2630b6f8ef76,Darren,Bleasdille,dbleasdille7i@cbc.ca,6076496934
2126adf1-71d8-40dd-806b-163686bd5b49,Carver,Doudney,cdoudney7j@zdnet.com,7617488411
905f0be3-3cbd-4d12-ade9-b014684f18ae,Saraann,Drayton,sdrayton7k@php.net,1463859282
45abc9b5-f184-4aee-9930-02d45078aaeb,Derril,Dearell,ddearell7l@odnoklassniki.ru,5445444961
c899ebf5-6b51-46e0-9d9b-c053777a4680,Erinna,Millhill,emillhill7m@opensource.org,9316717137
f47566f9-9a3a-4252-97ec-883494ef0c6d,Freda,Pash,fpash7n@ucsd.edu,8711142961
0f6dcce5-276d-4a81-84fa-67a144e74765,Lyndsay,Zmitrichenko,lzmitrichenko7o@berkeley.edu,5966296132
fbbded31-1e35-49e0-aafe-8bf672ff890e,Gunter,Baynton,gbaynton7p@ed.gov,6086407227
4b0b9cb3-170f-4a2d-83dd-d5fb1bbf042c,Calley,Tine,ctine7q@fda.gov,2253371688
aa812ffa-33f3-4d97-97b4-f94fbacdb1fb,Jasmine,Sentance,jsentance7r@prnewswire.com,7847431235
1b1b2f88-fbb8-40ea-9c41-cb9ff00a2a2a,Rollie,O'Corhane,rocorhane7s@nbcnews.com,6075013130
c8de76a3-9429-448b-9e62-8431333e6a58,Tracie,D'Onisi,tdonisi7t@cornell.edu,9581723139
cd21f9c6-0086-4bb7-b9bd-df99c59990bf,Celene,Waldie,cwaldie7u@wisc.edu,3057358134
0c5725b3-0a11-4414-b87b-6c8b81c119dd,Toby,Cawsy,tcawsy7v@biglobe.ne.jp,5438141796
3f61aec6-4c00-445f-8c3b-404b3dae0830,Skipper,Iron,siron7w@ycombinator.com,9994676427
a8e7669f-0824-4a3e-bb94-967d98e9f067,Shirl,Endersby,sendersby7x@narod.ru,5496580857
2d48afd1-cadc-472a-b49e-875ef5d8ca16,Lorie,Ingleby,lingleby7y@tuttocitta.it,3157455054
75d9751d-baea-408a-87d1-d6528325ef5e,Tailor,Gherardini,tgherardini7z@wikispaces.com,3178752981
aac22efe-a17f-4947-9e41-b872602fb728,Celle,Raymen,craymen80@psu.edu,3663651509
f369af61-e50a-4f06-9a32-dae44a22112f,Cariotta,Honack,chonack81@mapquest.com,9495034370
014a6254-b615-40aa-a431-61c34ed6cbf8,Rivalee,Kneafsey,rkneafsey82@wordpress.com,3225004382
30c0b8b3-d277-466e-8a28-a21ffca406f4,Lovell,Rankin,lrankin83@blog.com,3148386983
c88c6f20-a96d-4837-afb9-0988f1bb15a4,Katrinka,Newling,knewling84@amazon.com,9213212086
932b9ed2-7d13-4543-9b45-538ec74fcbd2,Tamara,Cloney,tcloney85@youku.com,1733993906
dc871a8a-4934-488e-ad15-0ea42d3c7c32,Cary,Ivanchov,civanchov86@bandcamp.com,5676367596
4706e336-b510-4cca-bebd-47bd5bac39e8,Nappy,Sinncock,nsinncock87@youku.com,2993233272
fb5e4c50-2059-46cd-a0f7-75215def460a,Delinda,Gathercole,dgathercole88@umn.edu,3876934666
a8e4c0d2-4a66-4d84-af68-6a6937eb8888,Basilius,Jarrard,bjarrard89@constantcontact.com,5885183332
a5ee7372-1406-4b4f-b402-240f6c7f6223,Tann,Astman,tastman8a@yelp.com,2462174853
81d7945f-b7d3-461d-9c23-5b009e3389b3,Andre,Vasilchikov,avasilchikov8b@jimdo.com,9892600695
883afdd9-aa29-41ee-ab0c-c567fb71f429,Lavena,Ogilvy,logilvy8c@abc.net.au,7519987784
6d998dff-99f9-4ead-a17a-a4d5ca2bef85,Annette,Brockest,abrockest8d@google.co.uk,4267431303
05022715-9c9b-4c97-b3f8-d0dcd68375ae,Aldrich,Willcott,awillcott8e@spiegel.de,3994538029
d917811f-9e15-4e52-96fd-6a30e4507c36,Ninetta,Heamus,nheamus8f@wunderground.com,3993116414
bfe1ecb6-0d32-4a43-a5b5-812acc8633d2,Imelda,Winckworth,iwinckworth8g@umn.edu,7856929444
3121af5e-c41d-4b06-aaa9-575672f1657e,Salem,Putnam,sputnam8h@de.vu,5336058815
ac4093ad-2a66-4ff0-b8a5-59478747ce9b,Ulysses,Mingotti,umingotti8i@furl.net,3031342677
1f60fb8e-f497-4284-acc4-ba1b4843caba,Garner,Mokes,gmokes8j@google.co.uk,8968306148
eb8b791c-53be-4056-a24d-0813ef9b8e0d,Benedict,Barrass,bbarrass8k@answers.com,5853625189
2b004c65-179e-44ea-a607-d75cd9e1bbf4,Jillene,Oventon,joventon8l@japanpost.jp,1647753197
59396d51-6944-40c7-8487-4e8da1fdf609,Lorne,Madigan,lmadigan8m@baidu.com,7149431454
56736c1f-e2d5-4152-be89-d58681202b39,Gillan,Minocchi,gminocchi8n@bravesites.com,3579272830
3b3d6407-d9b7-4e27-8d6d-187617e8bc0a,Bellanca,Marwood,bmarwood8o@dailymotion.com,1414634172
5d61ac44-0511-42e9-933c-74689ddcd945,Aubert,Colgrave,acolgrave8p@devhub.com,7833222519
497f95d0-e29c-4d63-af48-bb8b91df0714,Livvie,Shevlane,lshevlane8q@china.com.cn,5738575033
68e1f278-eb49-45b2-bcb3-fb7aa135dc2c,Gardener,Puttergill,gputtergill8r@cargocollective.com,2511145209
8efadb5b-833c-469b-b085-f6748d787a22,Olympie,Godain,ogodain8s@gov.uk,1145061474
659a73f9-e584-4c7c-b528-51962d38ed86,Lauralee,Ioan,lioan8t@fotki.com,7572758935
4abbe554-fe41-4f22-a350-bf81d8ff8237,Lucie,Balharry,lbalharry8u@illinois.edu,3974597781
a26c6bfb-53c0-4936-b71a-883948734b8a,Midge,Sleath,msleath8v@sitemeter.com,5194669848
dbc3bf0d-44bb-4e0b-9c9c-2aa0327c0fc0,Goober,Tuminini,gtuminini8w@imgur.com,4141300789
28c3e571-2d55-4e09-a512-7862f62ad1dd,Mae,Ringwood,mringwood8x@nhs.uk,9664620299
9c864c71-07eb-4fe9-869a-4205fa321c95,Talia,Stennings,tstennings8y@plala.or.jp,9384802008
9f8c5903-a168-437e-86aa-206f232caf7c,Amelina,Brasner,abrasner8z@google.com.br,8445681999
b415a508-650b-4618-a36a-398f49bb8c26,Stillman,Cradoc,scradoc90@mozilla.org,7977318165
969178b3-64fa-4f65-8ed3-2696bf31573a,Noak,Hatry,nhatry91@acquirethisname.com,8289720203
c552ed2a-0282-473b-92f8-0388f0f65f82,Georgiana,Keough,gkeough92@mail.ru,6024131367
da804559-cd5d-4be2-9fc0-19e31107b008,Max,Rousell,mrousell93@walmart.com,8433068034
c8129934-6d64-412d-b072-b5758ce1b26e,Devy,Aries,daries94@sitemeter.com,2944730810
af21d292-87c5-4a5c-bd3c-53c6a492d580,Dwight,Gannan,dgannan95@google.cn,8147763672
9e281028-a02a-4dd0-886b-27aa3d5995d0,Lonnie,Abrahart,labrahart96@latimes.com,7504914069
d6aadd6c-9a02-43ac-be29-5bb349ee7d50,Evey,Furmage,efurmage97@google.co.uk,4706826942
363deeda-0799-48a6-b9a4-6177bc0be029,Nicholle,Mossdale,nmossdale98@uiuc.edu,2165244489
bf3dad97-1f2e-465f-a07b-d77bfa815381,Kiersten,Pickthall,kpickthall99@booking.com,4356346755
5a884ceb-e7d1-41ba-ae17-384953c51101,Killian,Suddards,ksuddards9a@mac.com,4484185404
6fc1e6a4-504c-4963-98a8-07d210a64bae,Uriel,Bilofsky,ubilofsky9b@gravatar.com,6442873936
20c90f78-52a4-4a9d-8b2a-67cab39b76d6,Rhea,McCulloch,rmcculloch9c@hhs.gov,6965014898
b5fb56d3-6067-464e-a703-da2d0986dd8c,Simone,Everard,severard9d@deviantart.com,2631667399
aacfd361-2f53-4d8b-b0f4-3d87f53002d9,Darcie,Shropsheir,dshropsheir9e@arstechnica.com,9645426493
2029c8a8-723b-4c64-b7ad-5e661977bd1f,Mathilde,Ashdown,mashdown9f@miibeian.gov.cn,2303129880
4b848ccb-619c-4b0e-b033-ebf8d750afef,Angy,McNulty,amcnulty9g@networksolutions.com,8151886445
68e415c2-2425-4f27-999b-e62b922e0f92,Sumner,MacKee,smackee9h@oaic.gov.au,1025902680
83fdab34-882c-4be8-98dc-470d8fa996c5,Jenny,Whorton,jwhorton9i@ustream.tv,7362726950
1ccd5c4f-522c-4cd6-85c4-b19e3269744f,Elly,Flude,eflude9j@amazon.com,9624549342
64f52d6a-f0b6-461c-aa34-6ba2bce885cb,Franciska,Bish,fbish9k@meetup.com,9603188380
87d14086-5278-4da2-898e-d189eff5b01b,Dimitry,Neasam,dneasam9l@fda.gov,4136542084
ea9c42b1-cdc2-4896-8e23-4d1e900f6d9e,Leigh,Cinelli,lcinelli9m@nyu.edu,9927492870
7d0527ae-34f6-41f9-801f-8353ef094a0b,Michele,Reyne,mreyne9n@biglobe.ne.jp,3675719076
a097d39a-d56d-4f45-83da-f8621b7c084e,Claire,Binley,cbinley9o@thetimes.co.uk,3751779630
683a10bb-ae78-482f-9773-dd3415fa42e4,Wally,Danilovich,wdanilovich9p@ow.ly,6679728910
d2ab5ef9-7c99-4f7d-86df-9f6d84cc7e64,Kiah,Seaborn,kseaborn9q@com.com,2921209185
8f91cf2f-c63d-4a89-95b6-b9537fc8c584,Katherine,Collingdon,kcollingdon9r@nasa.gov,8449348317
8450d73e-d028-4087-b2f0-5abbf132ff67,Jacquelin,Craze,jcraze9s@webnode.com,8779832240
3f519ec7-874e-4975-9365-c951a79df0d1,Whitney,Oldnall,woldnall9t@myspace.com,6932165924
1e60183f-723a-49b7-adf0-78d9c585970b,Far,Burgum,fburgum9u@fastcompany.com,1564004341
ae4707b1-2d81-4e62-92f8-c216408b894c,Zollie,Krinks,zkrinks9v@amazon.com,7295158194
3987adef-5eed-4f68-bc11-92af9ddf66c2,Shellie,Wreath,swreath9w@example.com,9036462218
6e9f0812-3d93-4c36-9e2c-1f219c645548,Conway,Poone,cpoone9x@cpanel.net,8007353280
4d205cd5-fba1-440f-ba13-0ec4a957c072,Meryl,O'Hannay,mohannay9y@fc2.com,6977009604
1bb7a54e-a09d-45f3-8981-2cac2ca139f1,Malynda,Hardingham,mhardingham9z@nationalgeographic.com,8487599882
52841b6f-4fc6-4456-830e-ee3ec4ebd35a,Cari,Overshott,covershotta0@4shared.com,2108213247
32ccc5ea-20be-4585-9876-3782f815a04c,Garret,Lefeuvre,glefeuvrea1@booking.com,3927984204
219da919-cb4b-4a48-9765-7fd3d79963b9,Valma,McIlreavy,vmcilreavya2@tmall.com,5099299150
0dfdf63a-1517-4099-8c2e-ff2892ce2b60,Hi,Stooke,hstookea3@trellian.com,5592507062
92913162-320a-464c-9056-5e3225047a8a,Brewer,Hackney,bhackneya4@archive.org,2541601559
a22de272-d29b-4816-8854-a9847ab29ea0,Alejandrina,Gosnoll,agosnolla5@accuweather.com,1997723727
22d17910-c107-4e4b-9c6e-bc40a3524631,Wilfrid,Risebrow,wrisebrowa6@smugmug.com,7319696847
e81fab5d-d7ed-4a94-97fd-0ae048482662,Jean,Boodell,jboodella7@squarespace.com,6152379877
f3347a5b-0263-4b07-9b24-8c82cca1d09e,Madalena,Rappa,mrappaa8@liveinternet.ru,1984716684
a5cebeaf-521b-45cc-bcc0-c5765599f74b,Zed,McDonald,zmcdonalda9@yahoo.co.jp,5926012456
0411fea7-d0a0-45a9-be5f-0968b528d081,Matilde,Dachs,mdachsaa@cam.ac.uk,7304159949
651d1ba1-c210-4978-911e-6ab253f79ae7,Fair,Buzin,fbuzinab@bizjournals.com,8584428532
228dcf78-dd82-4b30-8391-cc82d6f510c7,Jillene,McKomb,jmckombac@live.com,3226537984
b1db605e-8f41-479d-8c27-99df9aac1b60,Lanette,Wessing,lwessingad@reuters.com,6163422692
90465cd9-bca6-445a-9cc0-d42c416b1bd5,Alexei,Lorenzini,alorenziniae@edublogs.org,1687085842
53b912c0-59f1-4d2b-ac2b-aa36e132ca9c,Marleen,Hockell,mhockellaf@ifeng.com,1051526085
5638097c-116d-4516-a514-936637b2e6c2,Seka,Durman,sdurmanag@springer.com,9798124712
701bd2db-1066-45ec-8e4d-5b2dbf1e12de,Cyrus,Scritch,cscritchah@studiopress.com,6563282449
fe39d6f8-a887-4d3c-bbbc-5a233bd73270,Cate,Zeplin,czeplinai@nsw.gov.au,2356937174
423eaf96-decb-4d4a-a2bc-76bbbfc33feb,Erie,Mynard,emynardaj@themeforest.net,5271517098
bb617c3b-6ec9-406d-b4cb-7ec7ad8cbc21,Ebba,Hartington,ehartingtonak@ebay.co.uk,6177467736
19b5f6ae-33cb-4c77-b4d5-f1117104711a,Gerrie,Antic,gantical@tuttocitta.it,9342623738
c915cbca-2fa0-4adf-b6bb-6ea5c656d40a,Neill,Lough,nlougham@google.ru,5946561400
1455483b-18e5-4fbe-ac48-3e8bf477e82f,Joyous,Savile,jsavilean@woothemes.com,7981109146
507bbf06-c3fb-4456-be47-d488c43d5807,Meade,Kettle,mkettleao@seesaa.net,7039697712
1d3896b0-bede-4fba-8857-16dc19a057ce,Mirna,Tooker,mtookerap@soundcloud.com,4712715676
35e96afa-10ec-47ef-9f9f-f69c03068066,Kenyon,Giorgione,kgiorgioneaq@unesco.org,1989417986
5a963636-82d5-4ddd-a84a-a1f8fa455b1e,Miof mela,Finders,mfindersar@ucoz.ru,4584398472
c46ee3e7-c775-43d1-aa5d-1367d36282c1,Dalila,Lynde,dlyndeas@google.com.au,3724095398
91df11f7-c1d2-4ec7-b1c4-ea683537593d,Tabina,Manus,tmanusat@freewebs.com,1501709472
0f6914bb-ccc1-4808-9986-697f698f4e41,Dorolisa,Parnaby,dparnabyau@unc.edu,6886600774
c1b25d96-be55-4875-b7b4-65fe15fe452f,Niki,Slaten,nslatenav@netscape.com,8258108276
0cb8b1a2-d3af-41cf-96f9-e61ac4e067ca,Cyndie,Davidescu,cdavidescuaw@google.it,9609027432
564630d4-612f-4a5e-85de-4641c4627bf0,Shir,Alldread,salldreadax@adobe.com,5465941774
66b2ea6f-7285-485b-a490-16b2db893920,Hugh,Lowdyane,hlowdyaneay@oracle.com,7982407602
766cfb9c-c4e6-43cc-9e8f-d72542f9b3ae,Broddie,Pumfrey,bpumfreyaz@artisteer.com,8673796084
ea8ace12-cd6e-4db8-8a85-cc50fc1c5117,Uri,Poncet,uponcetb0@fema.gov,8038182614
9c99156b-d221-4717-96c9-3de51481b7f5,Leland,Leger,llegerb1@oracle.com,4563406804
dfc7cc8b-5efc-428e-85ae-3d285bb3904d,Giffer,Dreng,gdrengb2@wordpress.com,5408723830
e62605ab-d4b1-4eae-88a4-6b9e75615912,Babbie,Sandcroft,bsandcroftb3@pagesperso-orange.fr,6955011617
c2280e45-4466-40dd-b42d-6da2caded454,Alicea,Orans,aoransb4@archive.org,4099127614
00e40ba9-6eac-46b6-bd15-ea75fd6f53ba,Gerrilee,Ranns,grannsb5@angelfire.com,6929374525
1bb73e17-6fea-4488-bb04-f7c30dbeb798,Tally,Verdon,tverdonb6@businesswire.com,3307673675
c610282f-9d3c-4a23-a358-91fae87ba487,Cristin,Derrick,cderrickb7@imgur.com,9467086544
67083c1f-528c-431f-8d9e-82c95ca5cf37,Merrile,Brando,mbrandob8@google.com.au,7538768342
58fa2928-5998-44ec-8f5d-580cdc6d9574,Rogers,Hosby,rhosbyb9@sun.com,4955902102
603709bd-6c49-4580-9573-3918d009f69c,Karol,Whorall,kwhorallba@fastcompany.com,8231380245
1f76e145-be6f-4f6c-863c-eddb50678ce3,Cordi,Wemm,cwemmbb@tinypic.com,3168304385
fb071dab-de56-4955-8b46-9c971719a188,Robbie,McLennan,rmclennanbc@tumblr.com,5975688014
6d4a7df9-de72-4c29-a962-21709abe4b0f,Tilda,Philcox,tphilcoxbd@reddit.com,3477811711
630c22a4-d53d-4b22-8d28-1fe0ef262a7e,Heda,Sarvar,hsarvarbe@hatena.ne.jp,3502195213
7d35ab83-deb9-4768-866b-1f1dae2703b2,Marisa,Comazzo,mcomazzobf@ucsd.edu,2366226567
18eecd63-9518-4e9a-9cc9-fe25ede8510d,Olva,Droogan,odrooganbg@technorati.com,6806033614
5afaec75-0e9d-45ba-a27a-40ea97bcde79,Abbie,Aseef,aaseefbh@angelfire.com,7801462766
716e789d-ffaa-4c05-a2be-45d779dcb0a4,Marion,Cretney,mcretneybi@unicef.org,9641025785
77234b98-3d08-4b72-ba8c-07917eabbf15,Anderson,Gawkes,agawkesbj@jigsy.com,2201315744
db716c05-0199-4910-94e0-ccc4e605faf7,Jacques,Gosker,jgoskerbk@webmd.com,6039570912
8ea66aa9-0ddf-431d-b235-94e2f5eba45c,Torrence,Dunsmore,tdunsmorebl@livejournal.com,7603321439
e186183e-660e-40d8-8cc8-23ef5502ad1c,Freddy,Saltsberg,fsaltsbergbm@hao123.com,1205683115
0543d2d7-6cb0-4c5d-b309-18894b121e3f,Wynny,Iskowitz,wiskowitzbn@soundcloud.com,2628593615
10b7d828-444c-46cc-8988-4c2f9c65d663,Fern,Byneth,fbynethbo@icq.com,3704427926
23640e74-fda0-4538-8d87-bbfb1bc8f985,Emmet,Middis,emiddisbp@indiatimes.com,1677200264
b62dcadc-635e-40eb-95a0-8dbc42bb0407,Tybi,Grime,tgrimebq@berkeley.edu,5747601041
cd28b3c3-2cac-4fe7-91a4-fd23a99cbc7d,Geoffry,Oakhill,goakhillbr@amazon.co.uk,7755198170
eb2a00d2-c29c-443a-bb06-c5d406df11a4,Margalit,Endrizzi,mendrizzibs@google.ru,5158128550
c6451b35-e85d-4654-b668-636c2b1c4d5b,Tish,Blaker,tblakerbt@so-net.ne.jp,9468006676
f2fab995-f15c-4577-aedc-13eb899262ef,Melinda,Urvoy,murvoybu@wordpress.org,4887330093
b0954ea5-c7bf-49f2-8240-70734d6cbd4b,Kathye,Axten,kaxtenbv@nationalgeographic.com,2239985847
6107d693-3745-439e-86a5-1873ab47b146,Tyrone,MacCafferky,tmaccafferkybw@phoca.cz,7439011453
a2015b4e-f0bf-4815-9e25-2cfb917c1392,Arabela,Gurley,agurleybx@mail.ru,2026225577
e4209bae-291d-4a28-9420-c5b07a83db23,Farris,Hearsum,fhearsumby@360.cn,6991673075
0cd67adb-2d47-4cbd-8949-b9cfc32dba8e,Luke,Santry,lsantrybz@ox.ac.uk,5762667954
81fdb81d-6ced-482b-8e47-52fe5598b021,Kym,Shouler,kshoulerc0@vk.com,4011830115
cacca73a-3e66-454c-bba1-7566dc3dd27e,Goddard,Filippucci,gfilippuccic1@mashable.com,7546875342
9b3f5633-6c69-4c0c-8a7c-7337408a0223,Jess,Dwyr,jdwyrc2@php.net,1976286063
b8e65475-06e5-4b4a-8dfe-5ce094716ad8,Cal,Woolam,cwoolamc3@narod.ru,7876588590
84344d4a-902d-4ad7-9d91-0b0cf06cd1e2,Rosene,Bennoe,rbennoec4@storify.com,3696594094
6c7fb3d6-c106-4906-bc75-de34171f9afc,Aimil,Jaynes,ajaynesc5@youku.com,4477548485
4d202688-78e4-4baf-84cb-3b5d279ce19e,Jayne,Helliar,jhelliarc6@sciencedirect.com,2237041864
fca3f8ab-ee82-4edd-9067-1f540918ee1d,Bettine,Newrick,bnewrickc7@google.fr,1214197759
46c09862-e725-4119-8030-76339ebc1432,Eryn,Zold,ezoldc8@usatoday.com,3804402258
f2e0aa44-7046-42a8-a641-59bef0f3d099,Janna,Abbyss,jabbyssc9@dion.ne.jp,1204014701
bf41b146-85ff-4b17-ac05-abb2bae3ca02,Kingston,Humbie,khumbieca@ucsd.edu,9668607719
7492195c-7abf-4f8a-af6c-31574c9d5f31,Annadiane,Haversham,ahavershamcb@canalblog.com,3321656573
3de9bbdd-cb38-4418-927f-904376d65464,Melisa,Gate,mgatecc@hubpages.com,1492286071
a60e2a96-8c65-45d9-81fc-6a0b7b7ef417,Lek,Bolmann,lbolmanncd@mapquest.com,4456179347
de2691a9-cdc7-4ac8-80a3-5a0173ebbf4f,Byram,Gawler,bgawlerce@so-net.ne.jp,2976154346
3bad5613-c525-4c28-bc61-1e9893634f13,Lynda,Carff,lcarffcf@arizona.edu,4144410904
91f08bf4-ad6f-4370-84d6-ea0cdb6dd7d3,Delinda,Scarffe,dscarffecg@goodreads.com,1699649791
a9f3f682-ed95-4b13-ae53-81fde86a4715,Solly,Petto,spettoch@geocities.com,6951264144
f9200f54-9ae2-401c-b0d8-ed277865e7cf,Tito,Roxby,troxbyci@edublogs.org,8386403349
82d37e4a-b3e3-4cea-b25d-908895e63d12,Guglielmo,Langlais,glanglaiscj@bbb.org,5385792231
f6cf6073-d265-4bf7-bcac-2e10e0041ad8,Nathalie,Dyneley,ndyneleyck@gravatar.com,4218001131
b3d0d8c0-5953-44ee-97db-c04d298d95a9,Sandor,Larmet,slarmetcl@google.com.br,3255598721
dac28459-7841-4d54-ae6a-c196b8709ce0,Valene,Stratley,vstratleycm@gravatar.com,1994593268
bddab3bf-24be-4119-8b04-4c78550ca22b,Michele,Lishmund,mlishmundcn@who.int,8049823589
f0244e56-bec6-4339-aa79-f2b6a9e19386,Simone,Mazillius,smazilliusco@virginia.edu,5445399850
c2a3d23d-96a6-4ec3-a5fb-5c753f78d0c2,Glen,Fishbourne,gfishbournecp@prlog.org,4377826886
b5f1ae88-3f8c-48bf-8aa8-001b2a351d33,Karoly,Scriviner,kscrivinercq@wisc.edu,4555114273
00fce311-95a4-44df-a222-22b09b31e6c0,Hadley,Tanswell,htanswellcr@barnesandnoble.com,2773279727
65a60561-1f14-4812-818b-699d288d360c,Benedetto,Beswick,bbeswickcs@scientificamerican.com,8805686202
67b8ba9b-669d-41cf-9fca-5acd81645382,Layton,Torri,ltorrict@discuz.net,9886797685
78453c79-1d6c-433e-9298-7b2f75d2ab5b,Cam,Spondley,cspondleycu@twitpic.com,3547948555
6be7a517-160c-4953-92d9-18fc73ab4acc,Tiertza,Ashbey,tashbeycv@loc.gov,5237734616
f9e79c83-1bbf-48d8-98fc-5c5643a7b26a,Wolfgang,Ewbanche,wewbanchecw@vk.com,5591561605
2080f208-b1ab-435d-b2dc-c5be67a0a735,Packston,L'Homme,plhommecx@deviantart.com,7901633151
f88b9bc3-7d32-4343-a137-748fc05aaec8,Una,Krollmann,ukrollmanncy@harvard.edu,4835898677
92632a20-d824-4f23-98ff-552ac1701793,Michael,Evangelinos,mevangelinoscz@odnoklassniki.ru,8265223782
b976f439-d033-4fc8-af77-adfcf0ce392b,Gerry,Towner,gtownerd0@nationalgeographic.com,7873627172
2283eb6a-603f-40e8-8bab-25e4d05f388a,Nealson,Dalston,ndalstond1@oracle.com,9492899875
7f71be15-f2f8-4803-8608-1110912ac1a1,Austine,Renol,arenold2@discuz.net,1707371588
aecefc9f-d87d-448b-84ad-b36a37653e15,Cary,Dysart,cdysartd3@usnews.com,5734085934
27b4246c-e614-44ca-b2a3-afc8d6a84656,Ranee,Coolson,rcoolsond4@virginia.edu,3946370217
ba771df3-31f9-4214-85dc-98f41df92cc0,Elnora,Goldspink,egoldspinkd5@taobao.com,6154129096
cddedd2e-2b39-4079-9052-dac88a69f598,Anatol,Maty,amatyd6@nps.gov,4181222125
9257bc90-dae2-4b3e-85e9-6a269e8a90c0,Inigo,Hamerton,ihamertond7@stanford.edu,3385973056
532e1c29-e5ff-4708-b6de-45ce29da61f2,Helena,Bainton,hbaintond8@umn.edu,8915102696
48bd8eb5-6001-45f6-9839-648ccd66709a,Rozamond,Ernke,rernked9@hao123.com,3695465946
0ea0e494-bfae-4257-ae18-bec91f1ad680,Grace,Andriveaux,gandriveauxda@angelfire.com,3383616567
3e458930-9905-4af9-aa14-5b4415495d27,Angie,Tonkinson,atonkinsondb@printfriendly.com,5449256508
1058519d-cfca-4267-b3ff-6998fa3da4f5,Joel,MacAne,jmacanedc@nytimes.com,3518637669
fa95a5f5-ae1b-4e31-863a-128847a8e979,Mabelle,Skelington,mskelingtondd@blinklist.com,5944276840
a574fd46-2f8d-4c18-b103-51c37118c87f,Ryon,Boothe,rboothede@jimdo.com,2506390514
600bae60-0b7e-4177-bacf-bbe0964528e1,Camala,Marlow,cmarlowdf@mysql.com,1209514748
bc1804c8-aa4a-4e0d-97b2-8d6c96df32a8,Charlot,Churchward,cchurchwarddg@cnbc.com,5498355465
3143ff3b-856f-4a6f-aff9-c4177bd0c1a0,Marjorie,McFadzean,mmcfadzeandh@wikia.com,2054561508
23b1bf87-cbcf-4586-9457-2c8f5e7307fa,Kerrie,Verrall,kverralldi@hao123.com,7866641212
44d0f58e-eb62-4f70-81c8-aaa8e993f5c7,Colas,Nail,cnaildj@umich.edu,5895660222
d0fc5ebf-04e6-483c-b452-645741f71bed,Suzanna,Mantrup,smantrupdk@infoseek.co.jp,1344933668
3313bcb2-7af1-40a5-b1dc-f0476ff29fdd,Donavon,De Launde,ddelaundedl@fema.gov,5402767266
04fde29b-3e4f-4f7f-a7a7-454a93b32482,Alli,Bolam,abolamdm@sohu.com,5088727578
49e1f751-5e6a-4d9d-8ebc-06d0cdf0bf6d,Rodie,Fullager,rfullagerdn@domainmarket.com,2613458342
c883462e-5154-4b3f-b4f4-e9dd407096aa,Reamonn,Risebrow,rrisebrowdo@virginia.edu,5083314243
85350c0c-d66f-45f8-ae9a-3ec6ea15117f,Jeniffer,Cowtherd,jcowtherddp@yellowpages.com,3406996944
3479c0ad-f00e-400c-a411-f2a34926f45c,Aileen,Yvens,ayvensdq@hubpages.com,5621348212
3fcd5cb2-7831-4a1f-b5f1-a7c4e4e360ae,Maximilian,Cristofolo,mcristofolodr@ezinearticles.com,9986149708
222c63e9-b5a5-4aff-b39f-ac2347233570,Elnora,Dinley,edinleyds@cocolog-nifty.com,9214794746
ff111959-7770-4fb4-a89e-371a0ffc87ef,Colas,Dawby,cdawbydt@examiner.com,3223139850
31ccb8fc-fdff-4ebc-84f1-2650ea284ac2,Langsdon,Ivimy,livimydu@ning.com,9536235265
ce29902f-de99-4c01-97c6-efc3ab25beb1,Mozes,Brandoni,mbrandonidv@eepurl.com,1587712273
d766716c-c154-4d48-a555-cfe2a0760c07,Zondra,Munnery,zmunnerydw@bravesites.com,6084050554
65e2d31a-ab28-46e1-b0ed-e6babae35538,Wynn,Bocking,wbockingdx@irs.gov,3284094856
e53f8a8a-4f63-4253-a391-2f55e0014fdb,Brew,Fortescue,bfortescuedy@nydailynews.com,1272981396
32b02ffe-2a18-4d45-ac6f-c9272029d8a3,Siouxie,Gregory,sgregorydz@parallels.com,9168467824
781d54ad-a723-4968-a7f7-e6c6390af892,Ethelbert,Worsall,eworsalle0@joomla.org,1103307092
4df61f6e-7d33-49b3-b1d9-165b5e4b23d3,Marylou,Cordrey,mcordreye1@spotify.com,2904038766
5980ed13-5844-4895-a03b-98ad5d4f0692,Gayla,Jenner,gjennere2@ycombinator.com,4577690092
c28a78c0-9213-462e-91c9-84acff9d5b0c,Marnie,O'Kenny,mokennye3@oakley.com,2414092813
53bdb4d8-6766-49ed-abc7-3e588383b600,Cyril,Baudacci,cbaudaccie4@home.pl,9986048961
6a2da672-deb8-4030-9525-6061041ac715,Inga,Ridgwell,iridgwelle5@canalblog.com,7591100960
cf05b631-adf3-4958-a149-1c8aac557bed,Kevyn,Rougier,krougiere6@yandex.ru,9166203554
6c224c47-fb53-4347-b08b-09b6df905f34,Magdalen,Eilhart,meilharte7@freewebs.com,8316166013
d6d25ef1-98cc-4ad1-9c27-2b30729b02da,Carma,Rustadge,crustadgee8@wiley.com,6423774275
c989de52-0816-4056-b357-4ddc6cc775cc,Wright,Baudesson,wbaudessone9@hexun.com,2902537901
db5d989d-3dbc-4f94-ae38-0306fe7a0b68,Christophe,Griston,cgristonea@arstechnica.com,1221035957
1ed15840-af66-4d89-9773-58713ace93cc,Alvie,Writer,awritereb@nifty.com,2497325471
69877740-fa85-4bf2-b5a0-87d2162c709f,Beckie,Shadrach,bshadrachec@umich.edu,3496863352
63084292-4b2b-4c99-9c9a-1d2c623e430d,Louella,Torritti,ltorrittied@boston.com,4399783856
c7903bf5-96e6-4eb2-8512-e372e817c5f5,Toddy,Lente,tlenteee@google.it,4889526116
ca67e094-2efe-4b1f-88c0-ba02887214e9,Anneliese,Maidlow,amaidlowef@shutterfly.com,3751528582
5f994a3b-aad9-4005-867e-3164bafac50b,Ronny,McQuilty,rmcquiltyeg@wp.com,1488341971
fb1dea2a-fb05-486e-810c-cf80eadd00ba,Kaylyn,Domange,kdomangeeh@nydailynews.com,2369055686
898ba25a-16a3-46c9-bc81-19e8b9cd160d,Betteann,D'Abbot-Doyle,bdabbotdoyleei@yellowbook.com,8166049285
b57eb50a-30f5-4f6e-9f13-5cffd2a7db6d,Jayne,O'Hartagan,johartaganej@usgs.gov,1034723708
a56a4e88-e2cd-469d-b917-3b4bb9d54b4f,Lonna,Irvine,lirvineek@jiathis.com,4596681420
302475e2-b85a-4086-977c-0aa689463bc5,Richmound,Asprey,raspreyel@barnesandnoble.com,4071849062
249cb3ac-d6a7-4a17-a141-d3f43004a972,Othelia,Spriddle,ospriddleem@ihg.com,3032559072
998721dd-0fce-42bb-8395-c4c80a60e898,Ynes,Boughen,yboughenen@home.pl,3966386853
35ba1ee2-3dc2-4390-b51d-9ca252878687,Cly,Eyckelberg,ceyckelbergeo@hatena.ne.jp,9546737893
d2da1642-cb68-427a-a211-099a9b7e223b,Reina,Evitt,revittep@addtoany.com,4458622528
5e170156-a4de-474b-8d62-228ebf34dcfc,Alfie,Connaughton,aconnaughtoneq@soundcloud.com,6351868143
ac73323c-5860-453c-8e9d-1183fcebdef1,Beniamino,Sollner,bsollnerer@weibo.com,9484235254
e8d7215b-ad09-4624-bef1-731a503474b6,Gus,Hartegan,gharteganes@smh.com.au,8576569323
ba2d65ff-8097-4ce7-ab78-fd2c62503c27,Alysa,Ashfull,aashfullet@addtoany.com,2163336010
3ba10ac2-c159-4e5b-beb0-81ffaf635d5b,Gaultiero,Tiffin,gtiffineu@about.me,8873579248
98b6a1a5-1dae-443a-893b-d7bd5ffbb7af,Alister,Margach,amargachev@answers.com,7881316496
b82e0380-a007-4624-ae8c-b2e429a90f6c,De,Cosgry,dcosgryew@wikimedia.org,5835908920
5c326430-1e73-4bf8-a688-d9494c9121b8,Gan,Wisson,gwissonex@php.net,2917795069
f6a3b9e8-e155-4332-bdac-d5ce5dc8d27f,Rhona,Francombe,rfrancombeey@npr.org,1258842997
76787634-c216-4fa5-aab9-b70d516481f6,Stirling,Littleproud,slittleproudez@xrea.com,6236878033
85d1169b-6ff3-4c79-a7bf-ab01802ae1a2,Paten,Vakhonin,pvakhoninf0@reference.com,9385752089
bb0d81eb-238b-4ad7-90d4-7680315bf4c1,Roderic,Dri,rdrif1@purevolume.com,1518537357
096fa228-305f-4bd3-a5ac-3167f3132471,Yoshiko,Mence,ymencef2@behance.net,3291928660
1638d194-6739-4df2-920f-12d5ef8fc419,Renie,Ciccarello,rciccarellof3@ucoz.ru,6958460101
67db86c0-f804-4338-b4c3-1307d0d03835,Vilhelmina,Allchorne,vallchornef4@naver.com,2979114647
469d6672-77f4-4057-8564-39ac61a1a1df,Isis,Abrahamsen,iabrahamsenf5@theatlantic.com,8292238763
082ef918-e39e-4481-b79f-54fa7cd58f7e,Florinda,Chat,fchatf6@examiner.com,8383696836
311f4b34-0104-4559-821f-a64572c83719,Consuela,Trevillion,ctrevillionf7@wired.com,3461565851
1997f0db-f883-4e32-a1ce-f24bb6c16569,Melly,Minelli,mminellif8@merriam-webster.com,9064566690
9036ef66-90e6-42c8-ad98-277fbe83f605,Terrie,Pinyon,tpinyonf9@seesaa.net,4087525455
0a57b52c-69c3-4335-9472-83f59ff62e59,Matelda,Muskett,mmuskettfa@admin.ch,6233035127
ac4b966e-19a6-4480-9522-b65f00d1f32e,Hildagarde,Pacher,hpacherfb@shop-pro.jp,8346073512
05bafbfb-7bee-4752-8f0e-6bedbd9eed80,Felicdad,Dredge,fdredgefc@pagesperso-orange.fr,2968215752
f4c62deb-aeba-4172-9d72-400dd728ed62,Stephanus,Felder,sfelderfd@drupal.org,3234718715
3c036a9a-91a7-4f0b-b097-86edddc08d7c,Willabella,Braley,wbraleyfe@theatlantic.com,6531534019
6b00fb0e-27cd-4117-bf28-885c16d83811,Melony,McArdle,mmcardleff@jugem.jp,9068687217
f291e50e-1b34-4051-9d12-5df0f1ebbd7f,Malvin,Whibley,mwhibleyfg@sourceforge.net,5328460837
499376eb-0099-45a7-9906-3a7e2ad7a9a8,Audi,Colledge,acolledgefh@bluehost.com,2417192514
158ce452-6b1a-46cc-a1f1-4093245f36b3,Dode,Beavon,dbeavonfi@ted.com,6198174786
da68f681-2c72-4535-ba29-ffc16ff9b8a4,Lizzie,Lippiett,llippiettfj@about.me,4201860947
f137e4f7-3ca9-4c13-9325-c765706bc7ce,Cassie,Adamov,cadamovfk@usa.gov,6629150243
c0b47ac5-7dd5-4a49-9bfb-e76458819bc0,Lenette,Lilburn,llilburnfl@google.fr,9803424647
098d7774-664f-4e3f-8337-d422e01af974,Stephen,Hawson,shawsonfm@jugem.jp,5479989840
b6071846-20e6-4867-84ea-9227c9f3bd53,Bob,Thring,bthringfn@un.org,5015684852
e3680b19-380e-447c-91a9-5871c5011bef,Hal,Blaza,hblazafo@plala.or.jp,8768964986
0854c246-73b5-4f62-ad92-8bc0b8b3cd3c,Bancroft,Fancy,bfancyfp@uol.com.br,7497190836
691deebc-fefe-4a63-8c84-dd32df5da80f,Sybyl,Jaggi,sjaggifq@bluehost.com,5387352818
48ea9b03-88bf-4f57-b58a-c1b87a37c5ea,Willow,Browning,wbrowningfr@discuz.net,5291130609
4d76faba-6a66-4b26-8441-e9f572ca39bb,Winnie,Honig,whonigfs@nationalgeographic.com,4637142451
7c18e0e2-3235-4abc-b194-d0155bd255af,Gawen,Thorns,gthornsft@epa.gov,2289129548
fb825318-79ce-4714-92e1-bd67655335e3,Merwin,Brocks,mbrocksfu@artisteer.com,8077497220
a8cbe740-bbaf-43f5-917c-50fdff96ba17,Mechelle,Sute,msutefv@lulu.com,2885097654
0a66a4c7-7605-4706-81f0-3c47b4ac389c,Kerrill,Brownsell,kbrownsellfw@jimdo.com,8888870372
ef7ff56e-316a-444b-aad6-17ed50cb82c6,Sascha,McCloud,smccloudfx@flavors.me,6118273880
22f40a36-0fd5-4314-9af9-dbe5e883a2c7,Bibbye,Wand,bwandfy@dmoz.org,8729719991
3dd3555d-01f2-4474-891a-e7969197482a,Nonah,Pantin,npantinfz@cafepress.com,9312681378
87f2446e-cf8c-4501-a6bb-f622ab434513,Ethelred,Brando,ebrandog0@businessinsider.com,7826521707
5b6ec60f-4c4b-48ad-8a45-4dd29a2f78f3,Grayce,Arkcoll,garkcollg1@tinypic.com,9083733970
3461b3b8-e381-4044-bc22-291fdc3c3e68,Joel,Kees,jkeesg2@smh.com.au,8664937160
e083d849-57f6-4ade-8ca5-f96ab3cc704f,Domingo,Tuttiett,dtuttiettg3@surveymonkey.com,4435691349
08d2ac8c-3a15-4135-9d50-6772a78d0483,Cyrille,McCollum,cmccollumg4@pbs.org,1018693762
dac6e478-cbf1-4775-9a86-35b2cce3a8b9,Nonie,Slessar,nslessarg5@edublogs.org,3446398925
6f468dce-9111-49c2-8b10-8e1944b411d1,Rog,Buttler,rbuttlerg6@bloglines.com,9759615979
e30d6675-57bb-45ce-947c-13db050b99fc,Dario,Garroch,dgarrochg7@mlb.com,7864426622
7d7f181c-179b-4073-be1a-b850df57d78c,Saundra,Pergens,spergensg8@netscape.com,1062810791
903d3511-23a8-4974-95b2-1c9291e067f3,Gerome,McTear,gmctearg9@skype.com,2693762556
7ae9bcc7-5346-449f-b511-fc663d08037e,Blair,Arkley,barkleyga@bing.com,5552824111
eae69448-c38d-49d9-9f10-5e0bd9d444bc,Abey,Enrietto,aenriettogb@youtu.be,6708957238
cafe0204-572f-489c-b837-7a5509e1e518,Fania,Chaffer,fchaffergc@apache.org,3521088072
6b0b048a-eb4e-4a3b-a656-dfb6070ff9c6,Bud,Waterworth,bwaterworthgd@howstuffworks.com,3267486767
9c1ea8cd-f56f-41a0-ba15-df238b440539,Saunder,Burtenshaw,sburtenshawge@go.com,1831035480
1d7fbcef-02da-42b5-9247-3520b14e2642,Sharlene,Habeshaw,shabeshawgf@people.com.cn,1521922972
79d54a76-05ad-4fd5-9aee-7dbde11f8582,Renado,Lockley,rlockleygg@wikia.com,2897621625
6f1e6cbc-3fa7-4a49-86d8-0cfee952e3c0,Findley,De Andisie,fdeandisiegh@usatoday.com,4553941865
8870ec0a-3a8c-4681-b2b1-16c02613c7bd,Batsheva,Bulstrode,bbulstrodegi@tuttocitta.it,5742586533
34da8ce0-f02d-4f9a-bc73-6be140a6c426,Stefa,Cohr,scohrgj@simplemachines.org,7937195553
d8fafb87-fd8f-43f5-9d7f-d41edc08e138,Moise,Christley,mchristleygk@china.com.cn,3728526985
e014c29a-1c23-4998-8b32-7c9f96ec138e,Tarrance,Skeleton,tskeletongl@naver.com,5072008840
edf51a3a-76e4-4c69-80b6-767bdaee3003,Cobby,MacSween,cmacsweengm@weibo.com,2428825518
d44444b3-ef54-4543-b26d-4a54f9f5df47,Garret,Beeckx,gbeeckxgn@google.pl,1946207042
8c780f0a-deb0-4f77-b0c1-02ae858aed8c,Kirsteni,Petrasch,kpetraschgo@odnoklassniki.ru,1892159995
45d4489c-8f82-42ed-8690-986d60209a2d,Jeffie,Oades,joadesgp@e-recht24.de,5399498260
004fb257-60af-45ab-b870-4014ceb4840e,Rodolphe,Cleeves,rcleevesgq@topsy.com,2615827086
7797ca95-e2d8-47a3-a649-2164d4f7d801,Blinnie,Ferenczi,bferenczigr@ucoz.com,4989644499
89562a8a-9714-4230-afbe-d1dbee4224ab,Fabien,Chaters,fchatersgs@list-manage.com,5725308426
a9ca221b-b1ae-4699-b6b1-100e1744a346,Orbadiah,Dornan,odornangt@elpais.com,4795537624
ee77f1df-1447-4e91-9141-9d2ea78a5232,Cammy,Westmerland,cwestmerlandgu@si.edu,5104285229
a6fea00c-afba-479a-8f0a-e7e94e82ff1a,Linn,Brodway,lbrodwaygv@nih.gov,9334262903
c7d35b8b-7371-4a0f-afeb-4340d4e548d7,Neils,Agirre,nagirregw@patch.com,5867970908
ad006abf-ab2e-437e-a946-7c43e6c978bd,Rosemary,Longmead,rlongmeadgx@bravesites.com,2605339506
82c992e2-9596-4064-aa3c-875c78cbfee5,Ethelyn,Lomis,elomisgy@shop-pro.jp,1016062395
05ece938-69da-4cb9-955a-9d58ea15fb63,Case,Ellingworth,cellingworthgz@newyorker.com,1945372650
99916d16-8d4f-4b2e-8b9f-fa719c3b8462,Ave,Mathan,amathanh0@discuz.net,3053694735
1587c40c-7e65-410b-a923-576b6939c498,Asher,Arminger,aarmingerh1@reverbnation.com,2527430576
d35feb84-a52b-452d-9c6e-3f239f13e567,Samuele,Swyne,sswyneh2@google.co.jp,4812875155
6f53e7b9-df04-40d9-b10e-16a98f43a891,Harvey,Castellini,hcastellinih3@myspace.com,2995667345
9f93c400-280a-4917-8dbe-4453a15bf118,Tessa,McCreery,tmccreeryh4@goo.gl,5199093204
37aca861-3b24-453b-9a17-30efe4d96d76,Lily,Gehrtz,lgehrtzh5@sbwire.com,7406289494
1138efd2-3cbe-401e-a192-6483882a5cca,Mavra,Moodie,mmoodieh6@ibm.com,7373219091
b3251d97-54d4-4cda-9755-ce3faae6a9f4,Margaretta,Duly,mdulyh7@ustream.tv,5437697685
504c0181-be58-4d96-b7ad-1b8c051c410e,Jeramie,Nestle,jnestleh8@google.it,9781471018
2c0e0fd3-cd1e-4c4a-b1a8-97156f3a187c,Jolyn,Senior,jseniorh9@psu.edu,4613509863
66ecf06d-62d8-468d-9379-e82fc002c42e,Elisabeth,Thacke,ethackeha@twitpic.com,7152657408
ae97e7b6-d486-4c82-9ece-efc4ca5b9a4d,Katharine,Frenzl,kfrenzlhb@woothemes.com,1539734918
a635e81f-c931-41f0-8733-d546b11df118,Gunter,Arzu,garzuhc@plala.or.jp,5163293533
56778d77-e1e9-4cf2-95df-e5b701a2003b,Dillon,Marzelli,dmarzellihd@jigsy.com,4863001089
edaea324-944b-4f00-8e8c-e07b95bddc18,Nichol,Howsam,nhowsamhe@yelp.com,2953272470
ba2fc33d-8930-40b2-9e3f-01cd3645b4c9,Antonella,Blatcher,ablatcherhf@techcrunch.com,2596840190
42927d89-fec6-4808-a672-c86ea891c075,Siward,Dearle-Palser,sdearlepalserhg@mysql.com,3426900486
2bbc27ca-6a88-4e60-9d84-dc5ab869d035,Lesley,Willatts,lwillattshh@usa.gov,1946346923
38abd438-f8b2-4cd0-b7cb-233135e6240f,Eleonora,Droghan,edroghanhi@blogger.com,3179869450
57bf5a66-860f-4cd9-9015-c3be6f3665a4,Lenna,Gwalter,lgwalterhj@telegraph.co.uk,5323939478
6c02db50-3249-46ae-b0b0-e98cc5424f29,Toby,Rosenwasser,trosenwasserhk@meetup.com,2953506171
3de38fe7-ef60-436b-9767-90d7b92366c3,Allianora,O'Lochan,aolochanhl@soup.io,8384600387
3ac6aa40-57e6-4809-bfa1-c2b74746e5e6,Noella,Mattingley,nmattingleyhm@technorati.com,6399816008
15f8df24-5684-4f98-9a92-40423a956f68,Auberon,Whitten,awhittenhn@cnn.com,3233166238
d517b3f2-8b59-4b22-9d51-974f43e17ad7,Dick,Orrell,dorrellho@sun.com,6704105617
71775ccf-ed1f-46db-aee7-c8ff1a29e054,Davide,Benoit,dbenoithp@merriam-webster.com,5271359753
72d481d4-183b-4fdc-af91-90277ae90c09,Shaw,Botterill,sbotterillhq@house.gov,6113201720
93906f30-1c6e-481e-a3d3-0f2028c993e8,Sinclare,Witch,switchhr@dyndns.org,2795318674
5e4b62ed-94a4-44d0-8bd5-9b647797afa8,Odille,Conti,ocontihs@latimes.com,2545643428
10f909ab-fe2e-4264-88f6-14560283e77b,Emeline,Musico,emusicoht@pagesperso-orange.fr,8334980947
3b67b6b7-33e5-4d78-aaa0-f9e7b905a2a2,Tobias,Lovelock,tlovelockhu@spotify.com,1486314535
78ea4d0a-2cd8-4fb4-8d35-043c13177fab,Mozes,Fulmen,mfulmenhv@squidoo.com,2466408047
6c41220d-adb2-4c0f-8a00-37081cd62aae,Carolyne,Ingleston,cinglestonhw@dyndns.org,3437858287
6a39f18f-b31a-4f1e-b962-88747895f0b2,Cissy,Dyball,cdyballhx@shop-pro.jp,9523832259
a7a6ece3-2f12-4b6f-81b2-ab3c57fd115a,Neil,Hawker,nhawkerhy@redcross.org,5928476042
0e64d44b-db72-4f73-9996-aae86293e308,Rianon,Meas,rmeashz@tmall.com,4819177132
13acdf5c-e4cc-4710-b76d-b01b5316eb8a,Arlina,Dougary,adougaryi0@tuttocitta.it,2799005749
e3918950-20b9-4e32-bc75-94644579fb7c,Drucy,Pennings,dpenningsi1@surveymonkey.com,3231211025
13220f72-0695-4594-be5c-6728a7d8ee17,Adriaens,Hurdiss,ahurdissi2@ed.gov,1389096262
9f2e952b-ebd1-456f-8bfd-82abcc808e8c,Ravi,Wasbey,rwasbeyi3@joomla.org,5347155227
0328bcc8-57fc-4d26-b835-816a348688fe,Ebony,Gelletly,egelletlyi4@cnbc.com,8169680673
cb467d70-5128-4b56-a8ac-8a5e8c57b707,Cordula,Wilman,cwilmani5@theguardian.com,5713884839
8ac7fe09-a2de-426f-bd26-ec91e33d7393,Billi,Siemianowicz,bsiemianowiczi6@friendfeed.com,3205047678
abe2a3d0-cb5d-4f5c-9831-223cddfdbb44,Chris,Renfield,crenfieldi7@networkadvertising.org,5976288810
22e813bd-2d81-40c3-a360-836668d59cee,Dotty,McInnery,dmcinneryi8@ameblo.jp,7321169225
b9820a12-6c46-4fea-91a0-a9258d2f446c,Leroy,McJerrow,lmcjerrowi9@go.com,3893067861
d78e7552-9f9e-4137-bc15-f716efc33cf4,Hyacintha,Fynan,hfynania@geocities.jp,8806137103
5dc9dc68-69bc-4224-a2a6-ae25adcb31b2,Pattin,Blanking,pblankingib@skype.com,1976354583
e835ad4c-16b5-46b6-8927-4e7f5a687d5e,Idell,Livezley,ilivezleyic@woothemes.com,7415907465
4bd2ebc5-29fe-4e6d-a436-c9f00c865ca5,Cicily,Firks,cfirksid@ibm.com,3603541873
f23c69d2-a077-448a-b994-43defd661d37,Merrie,Vasiliu,mvasiliuie@blogs.com,1493565768
39792893-252a-4ff9-92e4-1477e9fdb74f,Hobard,Bonafant,hbonafantif@ask.com,1916965712
37a9f009-4b15-4ba1-9758-bb16f36f93f6,Britni,Blankau,bblankauig@spotify.com,9388966632
70a6f08d-75fd-4930-ae63-d76dc7fc95d7,Lulu,Benito,lbenitoih@kickstarter.com,6237529188
c8854f52-b673-45a9-b20d-89f39ee7c3a1,Pru,Jex,pjexii@t-online.de,5726731435
fbeda89c-c767-46b2-bdcb-325f5a0481b6,Linea,Trainer,ltrainerij@yahoo.com,6651400198
994bf15b-e3de-47cc-84e4-c430174a31e9,Ezechiel,Foch,efochik@e-recht24.de,6129902333
1217fe35-c03b-4fbf-afa8-177aa6f33ee0,Danya,Braisher,dbraisheril@ehow.com,9577161465
d7cf4048-e3d1-4c35-aac9-55a82b0bca9c,Clovis,Cody,ccodyim@sogou.com,1136973008
df811ab8-88dd-479e-a906-fdaf897d49db,Clarance,Whiles,cwhilesin@vinaora.com,2498282252
94b990cc-6242-4282-9045-89b13026637d,Marnia,Spencelayh,mspencelayhio@wikia.com,2454790258
d820637d-b0ed-4cc6-86eb-28ebbc719299,Omero,Jarrel,ojarrelip@netlog.com,7128400424
9225fa03-3151-4e5f-9a03-34ee783fd699,Francklyn,Cantero,fcanteroiq@ted.com,2508324725
d6c866b6-55e1-4689-95a8-aad8fa9f63c8,Abramo,Perfitt,aperfittir@pinterest.com,5431854624
7b09fef8-8919-44a4-a16c-f4007e04036b,Lorianne,Denslow,ldenslowis@lulu.com,8284718119
651fd69f-3d07-4fd1-9788-aefc3e5550b2,Stephine,Luby,slubyit@reverbnation.com,7732690844
e57e54c5-e6e0-4f10-aa2c-9c83a80c7eb5,Merrielle,Allom,mallomiu@yahoo.com,7931310252
538cfc55-7f82-4672-a519-3e18222033b7,Allie,Ors,aorsiv@arstechnica.com,7348317088
510dbc68-3336-424e-9091-3e6bde41646e,Nert,Frangione,nfrangioneiw@go.com,2732163853
5ce7a7ed-5a23-4897-bbb4-4c5e63117962,Tommie,Buglass,tbuglassix@unc.edu,1286625226
979880c2-7471-4d13-85da-7ac6c43ee1d6,Jade,Gladwish,jgladwishiy@foxnews.com,4336760538
461d9d9c-ef1e-4f74-a19f-39e481ef9306,Kassey,Swaine,kswaineiz@example.com,2738894326
2e9f13d5-6984-4f74-9fdb-542a5b5aefe1,Delores,Couves,dcouvesj0@biblegateway.com,9947795991
004997b4-9d5b-4344-808c-f3d69077fdf4,Koo,Sigars,ksigarsj1@nydailynews.com,1383051092
a8f03971-4d3d-4246-a72f-3e8e5f629800,Freeman,Vardy,fvardyj2@jigsy.com,6558322141
53779020-f2a5-4eba-8800-b2816797885c,Codie,Iredell,ciredellj3@wufoo.com,1116120560
da94202b-3d2e-480a-90ce-7623e438ddec,Jeddy,Viggars,jviggarsj4@imageshack.us,1839508206
ccc73aa1-4892-4a92-985c-f4cdca1eb75b,Chiarra,Boffin,cboffinj5@ucsd.edu,4377760759
16dace09-7e16-4394-a674-a893d2f92151,Josee,Reside,jresidej6@cmu.edu,5151141073
1de14001-49b2-4ebb-98e3-60f6cb9e670f,Emma,Berrey,eberreyj7@biglobe.ne.jp,7726726827
0940fa38-de39-405e-93ac-f19e7f0dc55a,Wake,O'Dennehy,wodennehyj8@ovh.net,8168118217
4fd4ddbf-8c5f-4d99-af0a-faa526098948,Kilian,Seed,kseedj9@unblog.fr,3214292180
7fa08e7f-c372-426a-8930-c844fa0e2d5d,Violet,Ghiroldi,vghiroldija@ezinearticles.com,6078140680
3c10ffae-d1bc-4a32-bf6b-98b954a1261b,Kiri,Waulker,kwaulkerjb@engadget.com,3524740090
2f3c90fd-93e0-443b-882e-308c4eb64f02,Kurtis,O'Clery,kocleryjc@intel.com,9346264441
566259c0-805a-4b40-9e57-a98ee6a0d12c,Elena,Rizziello,erizziellojd@google.com.hk,9526258968
4b3ac0a9-3514-48d4-a08c-4caefe71749a,Berny,Syder,bsyderje@acquirethisname.com,8383281599
fcbed13f-1421-4799-92e4-058f31650443,Elmer,Ranklin,eranklinjf@delicious.com,6506807410
13384ea9-1420-4717-a21b-aa9c7317eaf7,Franny,Tampion,ftampionjg@unblog.fr,9436441369
2e6654fb-ae27-417c-9ed0-f6ebfc4d3b7a,Hendrick,Rainey,hraineyjh@wiley.com,9582859143
26fb7e3a-7ad2-43e6-a8b2-4aed89683fea,Delaney,Thurston,dthurstonji@imageshack.us,6332094123
68d0065e-3428-43ab-880c-08fd9a30c568,Marc,Dearlove,mdearlovejj@linkedin.com,9313877745
c376a5cf-af29-4a0d-b3b9-606e3df5bbfe,Bevin,Pereira,bpereirajk@bravesites.com,4854187969
dc197126-384a-40dd-9d1a-eb9f4af53424,Towney,Linebarger,tlinebargerjl@wired.com,3203027379
3d1fd54a-ef0b-48a4-ae06-245422f89a6a,Maurise,Cuffley,mcuffleyjm@wsj.com,1979915013
375586fc-8aef-439c-91e4-02e06a373adb,Almeria,Inglesant,ainglesantjn@harvard.edu,6478013580
6fb47105-211e-461d-96e0-7bd79e11b70c,Jonah,Mowsdell,jmowsdelljo@mail.ru,3366539754
ae76f1b4-6c60-4da9-a2b2-ce70f219c6c5,Kristen,Janney,kjanneyjp@4shared.com,1687550676
4b85f4b0-88d0-4965-8d69-2a603814e4ca,Terrance,Goulstone,tgoulstonejq@canalblog.com,8702519061
a7f13ece-9eaa-496e-b284-c21ee082f74b,Lexy,Iacovacci,liacovaccijr@earthlink.net,1591167448
ac4c60da-2b4b-45f4-a751-69f3022eaf28,Meagan,Blackie,mblackiejs@dmoz.org,3574047061
ecac36d3-846e-4613-96d0-59f0be9cccb7,Miguela,Sapson,msapsonjt@diigo.com,3469869301
419e6623-bb03-4f27-bc38-5877989ea685,Chiarra,Kubes,ckubesju@ftc.gov,9053575622
89902962-9483-435a-8f9a-3d2e12d8632d,Kara,MacFarlan,kmacfarlanjv@apache.org,4852370311
3050b427-ed41-40c6-ab2d-eba0116c9da5,Audrye,Skeemer,askeemerjw@tamu.edu,6293463822
074b2a54-aa0a-4810-bd02-e49040fe178f,Angel,Elener,aelenerjx@weibo.com,7718356432
e966bf03-d894-43ff-9fd8-4f54e569b9e0,Ricoriki,Pierrepont,rpierrepontjy@google.co.uk,8968408043
9e6ce9c5-98f7-4eef-827c-eeea53709ba1,Ancell,Dandy,adandyjz@1688.com,3468557716
b91fe2ea-d869-4c22-83ea-add138c26f6d,Dorice,Samet,dsametk0@mit.edu,1173900673
b564d853-01c7-4218-991d-980c8051b2a9,Emelen,Merricks,emerricksk1@shinystat.com,4585095766
9ddf63b4-e07b-4590-98b2-ce7aaeeb60c0,Austina,Jacobsohn,ajacobsohnk2@github.io,8727829632
150e2cd8-a016-4a75-adfb-38bc7c7def62,Brucie,Cudworth,bcudworthk3@51.la,5678294107
f4aaca94-d80f-40a4-a8e6-2ed2fde45c9a,Paco,Hyde-Chambers,phydechambersk4@shinystat.com,8961839749
21fdd983-2c31-4dca-af9c-0d383b2a7506,Janella,Ferreri,jferrerik5@squidoo.com,1158567791
9708dec2-cf6b-4abe-befd-d35fc751bf7f,Glyn,Hillitt,ghillittk6@drupal.org,7542736276
5086b622-9490-4543-bb6a-c2b3f52d960b,Christian,Stening,csteningk7@vimeo.com,5277859673
2595872c-77da-4ce5-b461-77c4b4d0bbe6,Dynah,Crighten,dcrightenk8@digg.com,5529248368
754e5517-84a8-460f-866e-c8b094d160be,Ravi,Enderwick,renderwickk9@salon.com,7786494593
3657911f-8fb9-4126-b7e8-f1528705d959,Tann,Skokoe,tskokoeka@usatoday.com,2685828445
66476f14-f87e-47fb-a4d0-7d9226632565,Brian,Boissieux,bboissieuxkb@nsw.gov.au,2262407745
52399053-157d-44d9-bef6-7ce1cfd6b522,Dixie,Wombwell,dwombwellkc@opera.com,2973266249
e32a9f77-3a0b-4aaf-981b-c7af976297c6,Sarena,Youthead,syoutheadkd@godaddy.com,7682529281
9ce8f1a2-952d-4f5a-9102-e2eb9ea936ea,Windham,Aggas,waggaske@ow.ly,8678690415
bf1db0b4-0d85-47eb-b6aa-7ac966863617,Jillie,Tweed,jtweedkf@gov.uk,3942329213
d0fd05fb-3153-402a-b0c6-87a666f93fd2,Alexine,Crudgington,acrudgingtonkg@pen.io,3872383516
ddaddbdf-4689-4192-a3ca-69f6ca945a9a,Chase,Fullard,cfullardkh@nydailynews.com,8595161869
046623ed-1d61-4bc1-b4a4-c569b9884e50,Christa,Janikowski,cjanikowskiki@google.ru,2143888335
eeac7915-c2ca-4d6c-8a1a-0cb20e31b1aa,Dasie,Lowerson,dlowersonkj@blog.com,6831684659
e66206f2-e728-422d-8e21-be03dc0e1158,Alethea,Housley,ahousleykk@nationalgeographic.com,4142297887
2d7e8619-3619-4e8d-9242-a9dc2be208cf,Normie,Rowbotham,nrowbothamkl@cornell.edu,2608865766
835eab32-dc8f-42ca-865a-bc40be7cbb18,Dani,Straffon,dstraffonkm@meetup.com,1694376829
71a4319b-d568-4e21-9f33-6cb6b46953f3,Torr,Dunford,tdunfordkn@soundcloud.com,2694614024
9329f98f-b48f-43a9-b4b7-67c41c82b50f,Winona,Roll,wrollko@nasa.gov,6951227974
2a501941-9a0d-40cf-9cab-85f91491db4c,Izak,Timewell,itimewellkp@omniture.com,3389047298
b6b388c1-cf34-4c70-8818-a56a66db91fe,Katharina,Deluze,kdeluzekq@tuttocitta.it,3086850355
f2e7087f-8eff-4a53-b6ff-d1de64d14f10,Halsey,Seavers,hseaverskr@prweb.com,8686271560
8c7ce31c-4283-490b-87ef-140f862d9dca,Huntley,Kelsow,hkelsowks@smugmug.com,2356867329
2f471332-4d52-454c-9248-408144a2436c,Andy,Gendricke,agendrickekt@amazon.co.jp,5872191310
9c54aebb-98ac-4e50-9f4a-5c58710029ea,Hermione,Kelwaybamber,hkelwaybamberku@usatoday.com,1289162083
0e845b14-f596-43d6-af90-182de95b2034,Nicoli,Klaaassen,nklaaassenkv@guardian.co.uk,8574710567
629c3f07-369c-4cf2-b490-bcb29819b64f,Birdie,Bridgement,bbridgementkw@marketwatch.com,5163979298
592769ba-e891-4834-bfb3-8a59cfce253c,Marleah,Sheber,msheberkx@businessweek.com,2028093668
ba80ea4f-59bd-41fa-af49-14242e9a2ae4,Padraic,Winward,pwinwardky@google.fr,4546722349
c9a18db1-44a3-4330-84e4-ae0c0b704fde,Alene,June,ajunekz@goodreads.com,4132637187
78dfa75a-ddff-453c-9c7d-1c99af30cd0a,Jaime,Ikringill,jikringilll0@1und1.de,8339760606
3b3c64d6-64f9-4adc-9257-564ec6187f66,Silvanus,Idale,sidalel1@bravesites.com,2942591640
8b1d003e-9b96-46a4-b870-14630ae19f1f,Shelden,Edwards,sedwardsl2@admin.ch,4744658772
7850ca4b-da64-486c-be98-0703c9e4ffa7,Gustave,Rudolfer,grudolferl3@zimbio.com,3075290469
e32cd5db-a4e4-41e3-a451-ce30320f8971,Monroe,Tunnick,mtunnickl4@geocities.jp,2052324738
74a97e0a-7913-4e93-a6b5-9ce5141a4042,Stanislaw,Crilley,scrilleyl5@tinypic.com,7682206479
d6785387-54d3-4143-bbe3-beaca661ff86,Aleece,Jekyll,ajekylll6@amazon.com,1328816231
31cc179c-eb96-4229-91f2-c0f4d07d138c,Nickie,Gyurko,ngyurkol7@dagondesign.com,3417508582
2009e59d-5c0c-4c65-983d-6fe6951a74c6,Joyan,Rameau,jrameaul8@vinaora.com,4516893315
08c0269d-4393-4c92-b62e-321155d86517,Jeramey,Foxten,jfoxtenl9@booking.com,5459492036
2bbff0b4-dd2d-4c80-8a45-9bd9904570b7,Juliann,Byforth,jbyforthla@cmu.edu,4545603531
96a46f0c-5197-437d-aa0e-85b17a88e689,Atlante,Towsie,atowsielb@usatoday.com,8194527681
8a7ec29d-7bd4-47d1-83f5-66d21b7ba4d0,Brannon,Woollcott,bwoollcottlc@ucsd.edu,9046817934
46e69c80-9a02-42a8-be4d-ad237b1dc8fd,Zonnya,Challen,zchallenld@pen.io,3606088027
597924de-6763-4344-82af-78c5d99f1048,Orsola,Coppo,ocoppole@reverbnation.com,7949328288
558f6ffc-c9ff-48e6-abc1-d0edc1c7f259,Veronika,Kleimt,vkleimtlf@wordpress.com,9206182394
751fed38-87a2-4776-b2ce-45f51d83f165,Loria,Dassindale,ldassindalelg@unesco.org,7762621379
0b4a82dc-86b5-4e00-8884-2ee59858c53e,Gui,Wyeld,gwyeldlh@sciencedirect.com,1047414334
a24c97ec-fd96-4593-85bc-b470d71c67f6,Esther,Samme,esammeli@samsung.com,4278885145
c080d238-7119-48a9-84d3-e178ac04302c,Paddie,Buttrey,pbuttreylj@hp.com,4374129743
8529c588-417c-4459-9505-e3f3c6e42d0d,Cello,Ainger,caingerlk@tripod.com,9701450104
b52698e3-a425-4a5b-8ee4-f44b6e8d9084,Artie,Braizier,abraizierll@parallels.com,2079033260
b1dd7467-0a9b-470a-b682-f8a9128c262a,Washington,Rettie,wrettielm@youtu.be,8902857987
35f93cd5-814d-4610-b65f-1612f72c8ffa,Modestine,Mayhou,mmayhouln@nifty.com,3117108288
c11038e2-09ba-4b90-b5f6-640199ce5db2,Garnet,Francis,gfrancislo@unesco.org,1956419618
2310b386-3f9e-4116-b6b6-7ca5209430d8,Dar,Acklands,dacklandslp@comcast.net,6771561131
95381949-a0d9-4462-841b-4ee8421289fe,Elise,Sydes,esydeslq@howstuffworks.com,9914512532
d9e3ccd7-43e2-46e2-858f-d2129a62b38c,Edwin,Goggan,egogganlr@studiopress.com,8215000221
109b4b24-a038-4c8b-bf5f-f330279f6e19,Bette-ann,McGunley,bmcgunleyls@yahoo.com,9633400440
e3da30e5-4a08-4f74-a4c3-7243a088060f,Mildrid,Hinners,mhinnerslt@prlog.org,2296698568
82ebff6b-c12b-49a5-be8f-7bc174747b52,Barthel,McEnery,bmcenerylu@e-recht24.de,7969072468
d47d1684-d4c2-440b-a07b-1aca8f349506,Sloane,Woofenden,swoofendenlv@netscape.com,9366767263
84a8d5fd-c612-4807-8b65-da6cbc72f034,Ahmad,Shilburne,ashilburnelw@networksolutions.com,9386522608
86a26712-9eda-4214-b0e5-9b8d673527fb,Genevieve,Boow,gboowlx@vkontakte.ru,5608425109
b8922381-1cae-4fb7-89cb-1916e59af589,Diandra,Stollenwerck,dstollenwerckly@cloudflare.com,7095707224
793d99a0-9235-4eed-ae07-4969ec60a626,Corri,Scrannage,cscrannagelz@webs.com,8277039917
72c79020-e4c1-4ab6-857b-19ad4ade5ef8,Greta,Ellse,gellsem0@reference.com,3345836146
231a039c-066b-421d-a109-7ae6b87eecd4,Lyndell,Danilchenko,ldanilchenkom1@ycombinator.com,4763459473
30590d85-8ea2-45c3-adaf-7cccfa7e6791,Hoebart,Jagoe,hjagoem2@friendfeed.com,5278966988
dabba8f9-2c98-4d17-9f3d-afa71c1ec14f,Carmita,Winwood,cwinwoodm3@aol.com,9754863706
cccb69bf-a89a-41b4-96a1-5502dc837b43,Maxine,Schaumann,mschaumannm4@blogtalkradio.com,1032013748
6c9da38d-b26b-4c38-9a2d-725a9b3bea4e,Domenico,Chalfain,dchalfainm5@latimes.com,7959446410
8be4ad86-4842-409f-8ff2-51b8e732f1b8,Mavis,Cowap,mcowapm6@de.vu,6156314920
cbde7503-79e9-458b-875f-8f340b896c4f,Blake,Dunstone,bdunstonem7@businessweek.com,5546425992
b93c12c5-8405-472b-8279-6da66a179204,Catha,Jensen,cjensenm8@sun.com,2924801017
76fec499-7297-412b-a38e-3bdc4d335fa7,Kiersten,Buxsy,kbuxsym9@google.com.au,8638156829
960ef11e-df30-4a58-8eba-e28d2e86b239,Nicolai,Maberley,nmaberleyma@gov.uk,5115505080
c5f042be-6198-43ae-9b5d-614961090952,Milena,Clemoes,mclemoesmb@bing.com,9561954299
f6db57ae-c271-498d-a396-f604dd1c65c8,Fredra,Scarfe,fscarfemc@artisteer.com,2392613405
d18c46ac-52f9-40a0-aed7-60fa9b3cd9be,Tiffie,Kinnoch,tkinnochmd@chron.com,7145072342
80695559-bf2c-4a69-b8ef-0413560bc4c8,Ugo,Kennington,ukenningtonme@slideshare.net,4479832731
2202a273-7be5-4f70-8764-231d0daa1115,Amabelle,Bengtsson,abengtssonmf@msn.com,4137105588
7d561cd9-9f34-45c2-bad8-8ae815952d0d,Whit,Nelsey,wnelseymg@gnu.org,9368794251
83762b37-4204-45f2-9141-f607649724a6,Cherida,Feldmus,cfeldmusmh@g.co,3437746339
670e4d48-26bf-4c4b-8b7c-b5b3c6c3acd6,Valentine,Harlowe,vharlowemi@wsj.com,5257538366
582cd73f-bd22-4dd5-a6f1-ae6d3d2a8133,Guenevere,Bendley,gbendleymj@addtoany.com,6991672553
d5775a05-8e0e-4d0f-9f33-70332e3a227b,Vanya,Metcalf,vmetcalfmk@chronoengine.com,9859012780
8ede3eae-e4cf-40cb-a441-dc84ca1843c7,Arnaldo,Newstead,anewsteadml@sun.com,9636921902
d3523506-53dc-47fc-9d87-7f593ef8e55b,Doralia,Asson,dassonmm@harvard.edu,2822862086
eaa8ff86-d9cc-4e18-beb5-b4e10e4d0c01,Devonne,Ackerley,dackerleymn@google.it,6426163492
0e105fa7-be4e-4c50-91f6-5b6f6b2f2a0e,Jayme,Linskill,jlinskillmo@nature.com,5858433335
352e88af-bd50-4d56-9bb4-95de99cefdf7,Aldous,Tewelson,atewelsonmp@trellian.com,5781155256
bd2d99d5-a42d-4c21-89c2-56bd59f35730,Maggie,Ticksall,mticksallmq@walmart.com,2608019849
8525f699-d80c-406c-a13b-52267e360373,Elita,Gallen,egallenmr@dailymail.co.uk,9015934792
516a020c-9583-4718-ab76-82ff1a12aa85,Deck,Cloney,dcloneyms@imdb.com,6542979692
2de6e4e0-a9ba-49e7-aba4-1466e7554d82,Anderea,Leyban,aleybanmt@csmonitor.com,4352758253
a99a67e0-fa93-4360-bd7e-3e78a3e078e7,Gerladina,McMeekin,gmcmeekinmu@bigcartel.com,4032559196
5c956113-c9bf-4f75-ab89-6e90d3e6156c,Martie,Headley,mheadleymv@buzzfeed.com,3983005858
ae37e07f-94e4-4c6c-8aa9-5f2df8c9c8fc,Tybalt,Diben,tdibenmw@dyndns.org,9492135449
be64086e-5c88-4e1f-a52a-b151d33b1a13,Skip,Lambertini,slambertinimx@umn.edu,2845424212
1e5ecda9-d3ee-4869-a6f5-cdce7638747e,Chip,Stonhewer,cstonhewermy@house.gov,6762467991
fb04ebff-0f8e-4734-9fa4-c2f47d510919,Gunter,Grissett,ggrissettmz@discovery.com,1224834965
9876706f-b3bb-46b4-a9a4-eb56a6a37c5c,Jeannie,Shawel,jshaweln0@hhs.gov,5021336440
8a7ce380-16c9-4ca9-a97e-f014107ef370,Beitris,Andreasson,bandreassonn1@naver.com,9313226972
b9320550-6e20-4633-830a-46d9ccb628bb,Melisenda,Serraillier,mserrailliern2@amazonaws.com,9654689133
a1bb1c27-1994-4220-9cd2-d37ead19505e,Lester,Kleinsinger,lkleinsingern3@biblegateway.com,8278818169
b8b4cd19-7e33-4935-a72a-66b756a6a937,Ulick,Middleditch,umiddleditchn4@usatoday.com,2733807335
d3cb33a5-c4d2-46dd-a203-b6cba460c8df,Eldon,Lound,eloundn5@uol.com.br,7253271829
3b2134e3-4dba-48fc-91ee-363a34fedd88,Marven,Maeer,mmaeern6@usatoday.com,7865903681
82a3dc46-125f-4259-978b-cfa0d080675d,Lenci,Brandoni,lbrandonin7@meetup.com,4638586634
7247bcb5-c8ed-4edc-8850-2fcb4a963d26,Ariadne,Gurko,agurkon8@youtube.com,7236364197
9158d5ae-535b-4cce-893b-c9e0e52250b6,Mordy,Asple,masplen9@github.com,9373459171
8bd9b6f5-727a-4de4-8054-b2a1e6c8be6b,Lonnard,Hutcheons,lhutcheonsna@plala.or.jp,6299111118
75e99677-fb19-466b-bcac-38131be0940a,Ogdan,Kernes,okernesnb@ihg.com,3192020170
bdf8f6ce-b628-40f6-9249-e6d84f3e647e,Cad,Haws,chawsnc@businesswire.com,8104570871
9bd6ebbc-a70a-4a8f-b8b3-33ea35836d67,Abby,Bearcock,abearcocknd@ucla.edu,7301940650
4df00043-d7f1-48c2-81c4-82268411a421,Evania,McVittie,emcvittiene@zdnet.com,8356985133
544b3641-2308-41fd-b7fa-41e49c8e6644,Winny,Bront,wbrontnf@cnn.com,6403299225
420fe584-c12a-43ce-9473-94e6354a75fb,Laurella,Greenier,lgreenierng@360.cn,6719381973
ba17c9e9-be75-479e-96f4-233b7a758fdd,Vida,Peagrim,vpeagrimnh@webmd.com,4057086944
f991dc59-2619-4dee-a89e-87df68e25720,Prent,Mc Menamin,pmcmenaminni@house.gov,1148589695
b2120779-e0f5-456b-bf4c-260557a8d795,Alon,Hellcat,ahellcatnj@furl.net,1433170909
022b72c3-5f0c-4652-a6df-52ac66ab2f65,Lind,Belitz,lbelitznk@disqus.com,6091483390
c94485d3-6e16-40f3-846f-fc653a81dd8a,Kipp,Langcastle,klangcastlenl@angelfire.com,3029540691
e8c15f11-8981-4873-8901-24bbf1cb393f,Lesli,Agates,lagatesnm@google.cn,7594278808
2c6a2164-09e1-47d9-a2d2-0ef274d24a89,Timotheus,Standfield,tstandfieldnn@umich.edu,3382973325
d8bde6be-3c83-419a-b7fa-28ad7e2df034,Toiboid,Elphick,telphickno@123-reg.co.uk,8011732975
a0cb2caa-acdd-437c-86e3-742dd16edddc,Candida,Loveridge,cloveridgenp@sina.com.cn,2537220389
90cd98ec-7b79-4b99-a5a4-ec950eaf8377,Rees,Ramsbottom,rramsbottomnq@mozilla.org,7305605614
8c7faefc-6ba5-4ce7-ad1d-1b475290838f,Dyna,McSkin,dmcskinnr@timesonline.co.uk,6195606978
d5d06717-5457-4b51-bff1-7444fbf1039e,Alonzo,Kohneke,akohnekens@pbs.org,2467207892
c1ea940e-6a3e-41e1-8573-cda8b8d4800f,Gayla,Trayte,gtraytent@marketwatch.com,7485002441
436bb6ae-9140-445b-adf8-7e8f1f2de860,Aline,Wykey,awykeynu@auda.org.au,9959258740
7d627b54-e9b4-4a51-b9a4-cf2de11ae1bb,Winston,Mc Menamin,wmcmenaminnv@xrea.com,9765487652
29bf0cd5-b3a3-412a-9dbd-a3e5b13ce2c9,Tierney,Leitche,tleitchenw@drupal.org,7796345527
a606a8dd-19fb-4d32-8d59-be340240273e,Bogart,Scotland,bscotlandnx@java.com,2034853656
5fa47266-d19a-4e3b-94b6-271c933653b3,Loni,Bedenham,lbedenhamny@plala.or.jp,6551784649
69df226e-7b0e-44f2-9ccd-558af5d7d80b,Frasco,Pendrill,fpendrillnz@ask.com,8998035942
8d91f419-6eee-4507-bd8d-8c8cbf673421,Thom,Speek,tspeeko0@toplist.cz,9863872874
1cc5f612-c691-4b7c-81b5-1d01e5de8492,Pammi,Daintrey,pdaintreyo1@sphinn.com,8154974786
4c6b6e39-546e-48d3-9bcc-833788331565,Marcelline,Caines,mcaineso2@seattletimes.com,5689285742
2bb6d1b5-db00-4f11-bc0f-a7d17278e868,Heda,Jack,hjacko3@hhs.gov,9507525531
e589ca55-f1b5-4f90-bac3-04232ac9aa78,Vi,Gergolet,vgergoleto4@sun.com,1586475693
33c043ac-626e-488c-98ad-791fa26d9bde,Demetre,Oliva,dolivao5@businessinsider.com,5688789208
03cb998c-cc70-48ca-99b4-3dc1e34ac178,Damian,Woolerton,dwoolertono6@ca.gov,6439944962
c4e6d095-f284-413f-b69e-110b91da1771,Jillana,Sommerlin,jsommerlino7@jiathis.com,4478165982
1ca5eb18-d9e2-4891-9141-21467ffc7346,Andromache,Maris,amariso8@discuz.net,7181561936
a45d6314-dc30-4bc7-9b6a-97e788a76271,Sonnie,Dockwray,sdockwrayo9@wikipedia.org,3928253586
1bf78599-4f7a-4fa7-b720-eea38398085e,Allen,Dimelow,adimelowoa@hhs.gov,1945448478
1db39786-3d08-41aa-9583-2d28c9fb842e,Renee,MacMakin,rmacmakinob@discuz.net,3713504295
0434a55d-1172-44d5-9442-e45d28b1b262,Salvatore,Edgin,sedginoc@home.pl,4165358292
d56cf98a-f294-4d5f-b1bc-3db11ef409a5,Roberto,Cuphus,rcuphusod@statcounter.com,7292949235
faeb6170-aeb4-4a83-9af5-a55090ed222a,Bernadina,Garstang,bgarstangoe@fastcompany.com,7492390519
32483e18-60b2-411f-a6de-c3cbbd3c8db0,Adah,Oran,aoranof@cdc.gov,2372383797
1831c630-7ebe-46e8-a5f3-6e189d5ba2af,Cindi,Brundill,cbrundillog@imdb.com,4609600146
d036cf9a-7467-4189-ab97-f2d0fc67efa3,Zachary,Lamputt,zlamputtoh@mayoclinic.com,9521351455
2b4f3808-119a-44cb-9585-467251b8eb67,Hayes,Kennan,hkennanoi@t-online.de,9751946322
b2cfa4a5-3581-4dd9-8651-1ed1c5326cee,Nani,Maxwale,nmaxwaleoj@hexun.com,9264193741
116721b0-8693-44ab-8ee4-a66ef7dd4320,Mylo,Caplis,mcaplisok@feedburner.com,8252415787
0c5a3d11-e314-4986-8525-594d1860b0d9,Trina,Vaugham,tvaughamol@usda.gov,6995895229
200c28e3-fd2d-4a64-ba21-e2f9d3546f6c,Aryn,Blois,abloisom@newsvine.com,9057315863
be8c6fb9-b907-44cf-a0d6-838d13576af4,Dannel,Hixson,dhixsonon@gov.uk,1624461272
ba1545bc-1ff0-446a-b394-e9f56d138642,Chevy,Salmoni,csalmonioo@usa.gov,2733984827
2e4e3a9a-831c-4935-a768-52a8cbfcec7e,Gradeigh,Turbill,gturbillop@uol.com.br,2103030721
dbc39638-6010-4f80-958d-7827e2ab5f9c,Abigael,Awmack,aawmackoq@princeton.edu,1257602595
cc4ee083-10dc-4890-846b-da0538a76b8b,Kingsley,Twopenny,ktwopennyor@creativecommons.org,2587958972
bd3f849c-f4c3-4be0-8af1-5feaa6e15901,Milzie,Hallgath,mhallgathos@hostgator.com,7545529915
93896f2f-aa5c-4a56-b36a-98a67ca5e5b9,Valle,Tantrum,vtantrumot@eepurl.com,9575651858
1cb30834-7eff-4e01-ac79-43671bbe3bea,Esme,Rudwell,erudwellou@dagondesign.com,3098863336
efbb2ad9-8f5b-4847-9b1a-0176f5ff8077,Deane,Lerwill,dlerwillov@kickstarter.com,4893246527
049c7be5-6554-4c25-9459-2ccb337ae1a1,Stephenie,Booi,sbooiow@indiatimes.com,2214932160
5955f3b0-2b58-42d1-b2e3-f5e6e95c222d,Teresa,Schooling,tschoolingox@shutterfly.com,8025811461
aeccc78e-f7df-488e-bc40-e84dc211fc9a,Vin,Hully,vhullyoy@mayoclinic.com,3638998884
66da1872-919c-46fa-aa3c-aed539a7c1f1,Amberly,Gilder,agilderoz@booking.com,1294730110
24f53def-3680-4118-b091-711f85d26696,Etheline,Catlow,ecatlowp0@pen.io,6672480460
4f5ad9b8-9b84-45d0-b1a3-d9687b429881,Julienne,Quinlan,jquinlanp1@mozilla.org,5002795420
d3cda353-7ad5-4f62-a119-6827967ecbbd,Sorcha,Marcu,smarcup2@ocn.ne.jp,4626297272
4b00bf06-a2d0-41ce-a423-6ab73f5cdf9e,Madalyn,Beggio,mbeggiop3@linkedin.com,6773593940
f451557a-c230-4fa3-ab4d-91e4ee486bb2,Waite,McLugish,wmclugishp4@yahoo.co.jp,3436986362
4d729c6c-061c-4c44-a915-aa3f939a5fef,Reamonn,Cornford,rcornfordp5@wsj.com,5872159854
c6443fd1-c689-47ba-ad80-c7daf4ce15c0,Lorry,Lukehurst,llukehurstp6@smugmug.com,5127663390
c6dbe5cd-4757-4f96-83bc-9500492ff248,Maxine,Maudson,mmaudsonp7@blog.com,8614380284
91384f3c-a5c5-494e-9bfa-2f4a340b3050,Leah,Whannel,lwhannelp8@live.com,4676944465
044c90ee-2970-4f5c-bdcf-37fce6be0583,Elva,Dabel,edabelp9@cornell.edu,8188205632
f1567b27-cb26-411a-ac3d-d155720aea68,Web,Condit,wconditpa@merriam-webster.com,9013091686
772331c2-a111-4896-a28f-87eb02b1ddd1,Malorie,Vamplew,mvamplewpb@alexa.com,8741789500
b05af1a5-9833-4104-86ea-0415d82ee029,Boyce,Pearsall,bpearsallpc@symantec.com,2559227458
6d631492-9eba-48f1-8433-5ac0b9fb1ab2,Cesaro,Bentame,cbentamepd@diigo.com,2262998296
e6674d54-df75-4803-bef6-820bea287729,Andres,Brewer,abrewerpe@typepad.com,2858956960
1df09064-a8ea-401c-8b47-960e229814df,Sheridan,Southcott,ssouthcottpf@imdb.com,6046091758
cb51dc53-9de2-4d49-8b8e-43a9a501c7c7,Bertine,Keat,bkeatpg@newsvine.com,1987567571
4bba2857-3335-4443-a633-c795140fe1e7,Georgianna,Bartolomeo,gbartolomeoph@mail.ru,3296370869
2f112d78-d618-454d-9aee-a20f843228c9,Lina,Petasch,lpetaschpi@barnesandnoble.com,6797685931
9a79978c-46aa-423a-8929-d1dae2009087,Rich,Eliesco,reliescopj@marriott.com,7834589291
bc52c52e-c1e5-403f-904e-c54a0a65c46f,Werner,Freeberne,wfreebernepk@wikia.com,4045394131
edf2d414-324d-4df8-b4db-322b2b70c0dc,Ferris,Joules,fjoulespl@wix.com,1392549130
852e7584-366d-47bf-8cdf-37655d917488,Alia,Gallop,agalloppm@gmpg.org,7518251582
d9a1407f-8e86-486e-ae2e-ebf65f6c664c,Leesa,Rudgley,lrudgleypn@multiply.com,4033560615
7f254441-6d8c-4668-af84-ae0887f93f03,Flory,Ullrich,fullrichpo@wiley.com,2028809995
7fb5b7eb-30b1-4ae6-b37d-9bca941272d5,Sib,Lemonby,slemonbypp@netscape.com,8411010433
9bd294ce-23c2-4565-a772-afbdc546acc9,Rem,Allsep,rallseppq@hatena.ne.jp,3489512818
6860f756-b61c-4169-ab06-04ae99ecac51,Valerye,Gori,vgoripr@netscape.com,1207873262
e1a7600e-c598-485d-9d24-dc5799aa3383,Jsandye,Cayley,jcayleyps@elpais.com,9013995767
ed745ff6-174a-4387-8863-bc7636bea74e,Ham,Paternoster,hpaternosterpt@youtube.com,5991261581
72787027-d556-466d-96b4-82ec952f2146,Janey,Haythornthwaite,jhaythornthwaitepu@yelp.com,9228679131
b486a0b5-0346-4762-8363-30551eb0531d,Filippo,Belhomme,fbelhommepv@businessinsider.com,2658565773
79fe0038-d2a0-4fe9-8573-d141671fc859,Midge,Appleford,mapplefordpw@hexun.com,8745147620
7988fae3-8a68-48da-944c-320affb85f2b,Nada,Atrill,natrillpx@mapquest.com,2047121984
f32ca6f1-b13b-4a6c-b7ac-ece0e99ded20,Duncan,Sherringham,dsherringhampy@domainmarket.com,2211772178
1aa31fd4-1465-4bce-a299-ee79137a1d22,Papagena,Tommis,ptommispz@google.it,2998827027
6ab2efe9-41f4-4fa2-b966-6cd6e21f7f13,Maxwell,Ginman,mginmanq0@vimeo.com,7376690992
1b39b7c4-3008-4778-bc9e-52fccca9a638,Andonis,Thurstan,athurstanq1@constantcontact.com,2798079462
19dd23ef-ee6c-4331-8f4c-acec27c77f55,Harmony,MacNalley,hmacnalleyq2@utexas.edu,4163195857
d07f287a-9abc-46be-a9ed-61a5b4a78ef0,Wallas,Jikovsky,wjikovskyq3@theatlantic.com,6652289510
d3db0a3e-88b5-421b-9154-d8aeb3950ef2,Ashley,Waye,awayeq4@noaa.gov,4052664452
5b1d58f8-1c41-4dba-bb1e-567f15ba6074,Annissa,Cooper,acooperq5@tripadvisor.com,4447702336
83977719-0d6e-4c7f-a589-269a72b5f78f,Dukie,Braben,dbrabenq6@icq.com,4168412040
e758e299-9aa5-47d6-b1b4-3ff06a876867,Field,Hattrick,fhattrickq7@acquirethisname.com,3744396700
63346a57-cc01-4822-8d86-0b8f9655c0ae,Libbie,Docherty,ldochertyq8@nydailynews.com,7904961655
e82076d7-7b88-4b00-aa96-e35f29b28e12,Karlotta,Woolmore,kwoolmoreq9@nhs.uk,5668567591
c36c82a4-7695-4503-a234-52759ab1ddac,Corene,Thickpenny,cthickpennyqa@oaic.gov.au,3874196310
fe73624b-88e8-44f5-ad92-40e36ab1a620,Betteanne,Geale,bgealeqb@list-manage.com,1012988655
109469bd-0520-47cf-9306-0f095136d29b,Marena,Gatrell,mgatrellqc@pcworld.com,2243406476
f9bff885-2a51-4547-ac10-18ba1ca01af5,Stefano,Cauldfield,scauldfieldqd@blogspot.com,2965035176
fc306e36-8d24-4123-b0a9-40b8006d865d,Gustavo,De Angelo,gdeangeloqe@vinaora.com,6007449468
98686922-ac1d-475c-a548-593084f1240e,Dagmar,Osborne,dosborneqf@istockphoto.com,3625193646
fdfc75d6-109c-4372-94b2-95d9ea1fb3e0,Jesse,Kanzler,jkanzlerqg@mediafire.com,4482769711
f913f127-c51a-4cd3-9ce4-a82d3dfb9b68,Debi,Learoyde,dlearoydeqh@timesonline.co.uk,6038450771
f94a85b6-2413-43f9-b81d-aef4b4b8f0f1,Dionne,Duchesne,dduchesneqi@un.org,2598496737
8edd2d1f-748f-495a-b6db-0a980502f28c,Bealle,Carverhill,bcarverhillqj@europa.eu,2566440649
bd84de78-6fa0-44dc-b210-c766644d566c,Farrel,Spackman,fspackmanqk@google.ru,8318240129
4f3fb585-79d4-45f7-b057-26a4d2eaad1e,Faina,Haskett,fhaskettql@skyrock.com,3207462719
173f412c-f1a8-404d-b10c-dfe15a56a5f3,Panchito,Potell,ppotellqm@tripadvisor.com,1843395286
23cfeea7-3873-45d4-aadd-b61d8690d7d5,Kalli,Maddocks,kmaddocksqn@techcrunch.com,8866792239
3ef47e25-003d-4a6e-b9fe-254ac6a501d4,Jaclyn,Nashe,jnasheqo@squarespace.com,1558965113
8c632479-709f-4c04-a0e1-9182433010ac,Addie,Petre,apetreqp@vimeo.com,6768911049
ac4529eb-67b7-450d-9ffa-e2e8b3a20a85,Horatio,Shulver,hshulverqq@google.com.hk,3636320902
5e619ff5-848f-406d-a84b-c57d8974241c,Yehudi,Lindeman,ylindemanqr@php.net,5931757952
5d298592-2c74-4d20-9e61-2e0867efc37c,Gaultiero,Queenborough,gqueenboroughqs@ucsd.edu,1064383559
8048f938-84f5-48d7-965d-c157f84fc74a,Gilemette,Ebrall,gebrallqt@dedecms.com,4189502682
5b15a713-c8e5-4df4-8ee4-a7b18e780da9,Crystie,Bate,cbatequ@bloglines.com,7785301978
11296306-95d6-4ab9-a72f-59ae24beb5d9,Vivian,McKeever,vmckeeverqv@usda.gov,6757766721
8fb3ecbe-1909-48f4-ba5d-0d1a4827ab66,Devi,Dumbarton,ddumbartonqw@theguardian.com,6578542060
43407a5b-ed5c-4367-82b5-6f7a97499148,Julieta,Bourner,jbournerqx@forbes.com,6098763771
117504b9-0a84-4bb6-9320-66ded716d52c,Brear,Eyer,beyerqy@archive.org,5416127728
8d3eab33-284c-43fd-9e36-ee89abe11199,Linnie,Morat,lmoratqz@icq.com,4606063291
09fb19b9-feed-4823-b121-18ce1e9a8f21,Karil,Nanni,knannir0@newsvine.com,8412598656
92aed11a-a85e-4fde-bc81-203a87f7b221,Dehlia,Slader,dsladerr1@tmall.com,2228652245
89d08713-1b68-49db-a130-16451111f377,Glori,Lepick,glepickr2@google.es,8008392189
b64f018e-194f-40c6-af96-55a7a9fa8dd2,Danell,Behn,dbehnr3@mysql.com,1811222573
2900ffea-60e5-4c7e-8912-c6f578e8ec97,Niko,Roderighi,nroderighir4@ed.gov,9821177576
261c5f25-16e6-4794-a390-9e34ff324de5,Lanie,Scripture,lscripturer5@independent.co.uk,7464363875
f2a74494-06b3-463e-8842-2ee3e8091132,Carey,Costar,ccostarr6@nature.com,1606591051
b5c50081-a999-48c3-925c-541296adaa15,Timotheus,Curthoys,tcurthoysr7@utexas.edu,7324781305
abc554a5-2683-4c73-a29e-fde86b8d13a2,Derry,Dobrowolny,ddobrowolnyr8@examiner.com,5213112233
83d3eb95-d8ba-4490-a82d-1eb320a22c4e,Rochelle,Capron,rcapronr9@cbsnews.com,9128313319
97e71555-d0c1-43c2-a864-8262c46eddd6,Garvey,Farquar,gfarquarra@issuu.com,7535463134
8d8a47ea-604a-4292-9df0-0440d751a46a,Rafaellle,Ghilardi,rghilardirb@twitter.com,5526814115
c4daa142-d3ea-4009-9882-b32ee1319d68,Iosep,Espadate,iespadaterc@google.ru,4407726761
3942ae79-91e0-46fe-b6f8-41c253b77286,Estelle,Steketee,esteketeerd@skyrock.com,2421349225
89c27cb7-60ae-4fd8-9ad9-9d5989f41bed,Anthony,McCarron,amccarronre@statcounter.com,1159098232
a6e6fbc5-9ad0-4c95-a92e-a4306060a034,Jeremie,Bruna,jbrunarf@tinypic.com,1317911339
067dd9ee-4111-4080-b26d-1ea103d9d16a,Nev,Chamberlin,nchamberlinrg@chicagotribune.com,2178137600
20585ae3-8751-4c86-8deb-8a4af6b58e98,Tawsha,Bowdon,tbowdonrh@mit.edu,7396742316
7dc70f9d-b8c9-4181-998c-531cd4a6c458,Woodrow,Sallinger,wsallingerri@ezinearticles.com,6753561427
4e866c2f-7801-4d89-a728-1b49841dad83,Wright,MacDermot,wmacdermotrj@cloudflare.com,3693260564
7bcc493e-098b-4bf9-9c35-45780ed6a7c5,Candra,Greggs,cgreggsrk@technorati.com,9237891257
a7a9f4da-a50e-47fb-be04-f0a36465d603,Antonina,Kingsley,akingsleyrl@va.gov,9521610240
9f73640e-7a1d-4241-b332-a934c068fa10,Danica,Pabst,dpabstrm@creativecommons.org,7334031092
1ea990e4-ad8d-4977-a5d4-b855423d4c96,Ange,Badland,abadlandrn@nasa.gov,5919997356
67500a69-75e9-49c6-80c3-9b1a8924b848,Evangelia,Davies,edaviesro@loc.gov,9987352832
542ebf03-0cc1-4140-ae64-f5f20ee3892b,Ingeberg,Turrell,iturrellrp@phoca.cz,8568200217
e066d4b7-1137-4db9-89ab-10bb828a2df5,Curry,Sparks,csparksrq@thetimes.co.uk,6533393966
d2e2a7da-49e8-4243-a67b-579eefc802cb,Marcie,Moreinu,mmoreinurr@msu.edu,3145193186
